"nombre_discurso","topico","palabras","probabilidades"
"Argentina_2022_Alberto_Fernandez","Topico_1","['vamos', 'argentina', 'nunca', 'mundo', 'cada', 'libertad', 'terreno', 'esfuerzo', 'poder', 'economía', 'ejercen', 'liderazgos', 'ciento', 'vacunas', 'presente', 'cuenta', 'aplausos', 'dejar', 'lado', 'hacerlo']","[0.017919485, 0.015347235, 0.014193114, 0.011429622, 0.007846333, 0.0078462735, 0.007846233, 0.0078462325, 0.007846211, 0.007846146, 0.007846091, 0.007846022, 0.007766154, 0.007744051, 0.007739198, 0.0076872427, 0.007586725, 0.0075143543, 0.007395923, 0.007343539]"
"Argentina_2022_Alberto_Fernandez","Topico_2","['argentina', 'país', 'año', 'cada', 'trabajo', 'vamos', 'aplausos', 'pública', 'ciento', '3', 'punto', 'día', 'azul', 'vacuna', 'años', 'capaces', 'mundo', 'diarios', 'valor', 'salud']","[0.031289387, 0.016994001, 0.010668248, 0.010646895, 0.0106093865, 0.008594501, 0.007469694, 0.007401012, 0.007259273, 0.007259206, 0.0072591803, 0.007259154, 0.0072590527, 0.0072590364, 0.0071804663, 0.007165107, 0.00715085, 0.0042363694, 0.00415657, 0.003937313]"
"Argentina_2022_Alberto_Fernandez","Topico_3","['funcionar', 'bien', 'poder', 'argentina', 'democracia', 'mostraron', 'hicimos', 'chicos', 'cómo', 'cuidar', 'gente', 'decía', 'llamar', 'atención', 'privado', 'inversión', 'récord', 'sector', 'países', 'seguir']","[0.016705433, 0.013425933, 0.0133224735, 0.012602654, 0.010255914, 0.010249192, 0.01024779, 0.01007068, 0.0071597607, 0.006988099, 0.006987894, 0.0069335764, 0.006821712, 0.0068012583, 0.0065980726, 0.006580466, 0.006580298, 0.00653802, 0.0038845344, 0.0037904992]"
"Argentina_2022_Alberto_Fernandez","Topico_4","['veo', 'trabajo', 'día', 'hablo', 'cayó', 'mil', 'sigan', 'iba', 'argentina', 'siempre', 'injustamente', 'economía', 'voy', 'hoy', 'verdad', 'compañeros', 'compañeras', 'insumos', 'produciendo', 'gastando']","[0.014111852, 0.01359341, 0.010765507, 0.010646149, 0.010646148, 0.010451706, 0.010414594, 0.0073253736, 0.007264026, 0.0072587994, 0.007258786, 0.0072587607, 0.0072587123, 0.007212268, 0.0072052986, 0.007163602, 0.0071497653, 0.007060712, 0.0070375083, 0.007035049]"
"Argentina_2022_Alberto_Fernandez","Topico_5","['argentina', 'dialogo', 'presidente', 'aplausos', 'voy', 'hicimos', 'trabajadores', 'años', 'veo', 'vez', 'pongamos', 'verdad', 'país', '70', 'poner', 'claro', 'mil', 'vacuna', 'mesa', 'liderazgo']","[0.025794206, 0.013018349, 0.0105093755, 0.010497719, 0.010457871, 0.007972537, 0.007967983, 0.0079199355, 0.0079141045, 0.007910863, 0.007888205, 0.007842199, 0.005574265, 0.0054767127, 0.0054699597, 0.0054436526, 0.005440695, 0.0054359394, 0.005435912, 0.00543591]"
"Argentina_2022_Alberto_Fernandez","Topico_6","['pandemia', 'pueblo', 'vivienda', 'años', 'invirtamos', 'democracia', 'muchas', 'llamaba', 'dónde', 'mil', 'día', 'piense', 'vamos', 'deuda', 'tres', 'hicimos', 'sabríamos', 'frente', 'acá', 'gobernar']","[0.020295447, 0.012757929, 0.012445894, 0.01038174, 0.010313848, 0.010068674, 0.0078799175, 0.007854653, 0.007854644, 0.007699217, 0.0076504215, 0.0075534764, 0.0057255654, 0.005629565, 0.005375653, 0.005375591, 0.005355461, 0.0053554275, 0.0053554014, 0.0053553795]"
"Argentina_2022_Alberto_Fernandez","Topico_7","['aplausos', 'educación', 'argentina', 'mil', 'gas', 'vamos', 'país', 'año', 'años', 'cosas', 'plan', 'tecnología', 'presupuesto', 'ciencia', 'aumentó', 'cumplir', 'hoy', 'seguir', 'producto', 'interno']","[0.01948758, 0.019245286, 0.015171398, 0.010151304, 0.009937659, 0.0094087515, 0.00777511, 0.007638507, 0.0076157185, 0.0075748335, 0.007498787, 0.0073652635, 0.0072253845, 0.007118814, 0.0070787743, 0.0070334934, 0.00529174, 0.005226218, 0.005194464, 0.0051944633]"
"Argentina_2023_Javier_Milei","Topico_1","['proyecto', 'argentina', 'argentinos', 'vamos', 'política', 'considera', 'modelo', 'poder', 'cuanto', 'luego', 'ciento', 'cambio', 'país', 'servir', 'mientras', 'caminan', 'ciudadanos', 'rejas', 'bien', 'libres']","[0.009878669, 0.009860071, 0.007519882, 0.007496018, 0.007494376, 0.007494319, 0.0074943076, 0.0074941805, 0.007379273, 0.0073369592, 0.005130964, 0.005125427, 0.0051131495, 0.005109746, 0.0051097167, 0.0051097083, 0.0051097083, 0.0051097064, 0.0051097013, 0.005109701]"
"Argentina_2023_Javier_Milei","Topico_2","['país', 'ser', 'nueva', 'argentina', 'hoy', 'hiperinflación', 'situación', 'dinero', 'ciento', 'encima', 'termina', 'tiempo', 'forma', 'claro', 'comienza', 'gobierno', 'saliente', 'semejante', 'posible', 'cuadro']","[0.018797211, 0.008345331, 0.008345297, 0.008345279, 0.008334046, 0.008259715, 0.008253254, 0.008219733, 0.005742772, 0.0056899977, 0.0056899767, 0.0056899483, 0.0056899437, 0.005689919, 0.0056898845, 0.005648109, 0.0056279907, 0.0056179673, 0.0056078844, 0.0056035416]"
"Argentina_2023_Javier_Milei","Topico_3","['mil', 'millones', 'dólares', 'deuda', 'si', 'fracasado', 'argentinos', 'ideas', 'país', 'hoy', 'hecho', 'nación', 'n', 'vamos', 'privado', 'lamentablemente', 'salud', 'mismo', 'ciento', 'sector']","[0.014650851, 0.014644235, 0.01458623, 0.009933607, 0.009718382, 0.007519768, 0.0074523175, 0.0052535613, 0.005250911, 0.005168712, 0.005153847, 0.005127119, 0.00512703, 0.0051253783, 0.005057184, 0.0050533074, 0.005047348, 0.005046199, 0.0050392677, 0.0050391317]"
"Argentina_2023_Javier_Milei","Topico_4","['aplausos', 'argentinos', 'mil', 'millones', 'dólares', 'país', 'hoy', 'social', 'libertad', 'señores', 'vez', 'deuda', 'ciento', 'mundo', 'vencimientos', 'capacidad', 'año', 'siga', 'casualidad', 'esencia']","[0.026766285, 0.012901692, 0.010390591, 0.010369783, 0.010353725, 0.008133962, 0.007933021, 0.007892857, 0.007892681, 0.007890628, 0.007875868, 0.007870936, 0.0054481816, 0.005381561, 0.0053815227, 0.0053814915, 0.0053814906, 0.0053814515, 0.0053814477, 0.0053813593]"
"Argentina_2023_Javier_Milei","Topico_5","['ciento', 'vamos', 'hoy', 'inflación', 'deja', 'herencia', 'país', 'argentinos', 'programas', 'pobreza', 'anual', 'historia', 'tasa', 'shock', 'gemelos', 'lugar', 'déficit', 'punto', 'camino', 'luz']","[0.014657385, 0.009958685, 0.0076335887, 0.0075132083, 0.0075048353, 0.007470748, 0.0074333586, 0.0051949625, 0.0051509878, 0.0051509873, 0.0051509845, 0.005150984, 0.0051509766, 0.0051509743, 0.005150967, 0.0051509547, 0.0051509505, 0.0051509435, 0.0051509137, 0.0051508984]"
"Argentina_2023_Javier_Milei","Topico_6","['país', 'sido', 'años', 'tal', 'vida', 'día', 'recuerdo', 'importa', '100', 'nivel', 'todas', 'ideas', 'libertad', 'hoy', 'importante', 'dónde', 'dos', 'acción', 'único', 'política']","[0.0131843835, 0.0106762815, 0.010615781, 0.010499097, 0.010386404, 0.010347008, 0.008100441, 0.008100308, 0.008040474, 0.007933099, 0.007932827, 0.007911448, 0.007903717, 0.007856928, 0.0055691027, 0.005536728, 0.005522988, 0.0055229208, 0.0055228993, 0.0055226455]"
"Argentina_2023_Javier_Milei","Topico_7","['ciento', 'puntos', 'mismo', 'país', 'ajuste', 'argentina', 'sólo', 'alternativa', '20', 'fiscal', '16', 'pbi', 'central', 'déficit', 'banco', 'inflación', 'millones', 'vida', 'única', 'si']","[0.013325946, 0.012636354, 0.010799128, 0.010773433, 0.0107696755, 0.010729789, 0.0106026875, 0.008186299, 0.008179153, 0.008131365, 0.008122397, 0.007251394, 0.007235615, 0.00723032, 0.007218549, 0.00560138, 0.0055923727, 0.0055875764, 0.0055816215, 0.0055763894]"
"Bolivia_2017_Evo_Morales","Topico_1","['millones', 'bolivia', 'hermanos', 'aplausos', 'tema', '2005', 'hogares', 'energía', 'ahora', 'hermanas', 'datos', 'va', 'si', 'bolivianos', 'potable', 'acceso', 'construcción', 'agua', 'gobiernos', '2016']","[0.011320532, 0.009797208, 0.008902478, 0.008199176, 0.008086205, 0.006380629, 0.0063693356, 0.0063693286, 0.0063392785, 0.0063000647, 0.0051804734, 0.005173882, 0.0051597496, 0.005096652, 0.0049982374, 0.004898762, 0.0048144385, 0.004738308, 0.004664064, 0.004198311]"
"Bolivia_2017_Evo_Morales","Topico_2","['bolivia', 'aplausos', 'tema', 'pib', '2017', 'cápita', 'per', 'inversión', 'pueblo', 'hacia', 'agosto', '6', 'cobija', '192', 'año', 'internacional', '2016', 'sólo', 'pública', 'diálogo']","[0.0321359, 0.014425317, 0.014130169, 0.012269342, 0.008664028, 0.0066461507, 0.0066461074, 0.0057979436, 0.0057308264, 0.0054624574, 0.005340447, 0.0052739857, 0.005242308, 0.0051449738, 0.0048794197, 0.004686857, 0.004650629, 0.004642612, 0.004618472, 0.004597321]"
"Bolivia_2017_Evo_Morales","Topico_3","['hectáreas', 'mil', '2005', '10', 'ahora', '2016', 'años', 'vida', 'bolivia', 'aplausos', 'bachilleres', 'esperanza', 'pobre', 'rico', 'veces', 'ingresos', 'mujeres', 'resultados', 'unidad', 'informe']","[0.018850897, 0.016729834, 0.016087372, 0.014575508, 0.014333427, 0.012499413, 0.011756942, 0.010334329, 0.009465323, 0.009025325, 0.007812408, 0.0078123603, 0.007415604, 0.0073857177, 0.0073806318, 0.007324893, 0.0065406747, 0.0051202197, 0.0050506038, 0.005039871]"
"Bolivia_2017_Evo_Morales","Topico_4","['bolivia', 'millones', '2005', '2016', 'ahora', 'mil', 'personas', 'dólares', 'salud', 'consejo', 'toneladas', 'métricas', '4', 'clase', 'pando', 'aplausos', '2014', 'gobierno', 'mundo', 'seguridad']","[0.01785486, 0.014920261, 0.012675395, 0.008352957, 0.0076657073, 0.0069847624, 0.006975564, 0.005781231, 0.005709828, 0.0057018525, 0.005694813, 0.005694795, 0.005644965, 0.00558162, 0.005469835, 0.005467858, 0.00527437, 0.004974313, 0.004497728, 0.0043235514]"
"Bolivia_2017_Evo_Morales","Topico_5","['inversión', 'millones', 'bolivia', 'año', 'área', '2016', 'dólares', 'hermanos', 'mil', 'tema', '2005', 'ahora', 'importante', 'salud', 'personas', 'aplausos', 'urbana', 'hermanas', 'tan', 'todas']","[0.019600436, 0.018070659, 0.012189543, 0.010200082, 0.009115134, 0.008694686, 0.007453357, 0.006819304, 0.0062475544, 0.006225015, 0.0061102416, 0.006046883, 0.005991615, 0.005981794, 0.00597119, 0.00585647, 0.005362651, 0.004906414, 0.004814157, 0.0042021642]"
"Bolivia_2017_Evo_Morales","Topico_6","['aplausos', 'bolivia', 'hermanos', 'hermano', 'pando', 'temas', 'presidente', 'tema', 'corredor', 'vicepresidente', 'años', 'asamblea', 'departamento', 'países', 'área', 'rural', 'ferroviario', 'bioceánico', 'trabajo', 'plurinacional']","[0.021416698, 0.014565057, 0.012326996, 0.008239078, 0.007935499, 0.00715238, 0.007024355, 0.0058225314, 0.0058005825, 0.0057130074, 0.0056802263, 0.0056688497, 0.004989775, 0.004588649, 0.00457257, 0.0044172425, 0.004408283, 0.0043945233, 0.0043677576, 0.004364536]"
"Bolivia_2017_Evo_Morales","Topico_7","['millones', 'dólares', 'aplausos', 'bolivia', 'año', 'internacionales', 'quiero', 'tema', 'gobierno', 'ahora', 'nacional', 'hidrocarburos', 'si', 'responsabilidad', 'pese', 'reservas', '2005', 'cuatro', 'va', 'energía']","[0.016596071, 0.01640601, 0.014541443, 0.008546897, 0.008233244, 0.007077228, 0.006096837, 0.006086535, 0.0060313926, 0.0053809145, 0.0049118353, 0.0048714923, 0.0048532807, 0.0048487107, 0.004803163, 0.004722474, 0.003950703, 0.0037801962, 0.0037562593, 0.0037562086]"
"Bolivia_2018_Evo_Morales","Topico_1","['hermanos', 'hermanas', 'bolivia', 'ahora', 'viva', 'aplausos', 'departamento', 'uyuni', 'empresas', 'contrabando', 'derecho', 'vamos', 'económico', 'construcción', 'quiero', 'pueblo', 'seguir', 'cómo', 'potosí', 'humano']","[0.027222505, 0.026837416, 0.016216625, 0.014010756, 0.013788129, 0.013579377, 0.011676277, 0.009398077, 0.0072803674, 0.0071682786, 0.0071355477, 0.0071306294, 0.0071242736, 0.0070440546, 0.005937206, 0.005730763, 0.004888259, 0.0048651323, 0.0048651043, 0.004865088]"
"Bolivia_2018_Evo_Morales","Topico_2","['dólares', 'millones', 'aplausos', 'quiero', 'hermanos', 'decirles', 'hermanas', '2005', '2017', 'potosí', 'departamento', 'años', 'bolivia', 'ahorro', 'pueblo', 'internacionales', 'tema', 'dejaron', 'desempleo', 'comandante']","[0.037906215, 0.03782004, 0.027335795, 0.024246797, 0.021192193, 0.019862713, 0.01939593, 0.017130498, 0.013823092, 0.013684235, 0.011402783, 0.011398892, 0.009233185, 0.009231492, 0.008585956, 0.0070157577, 0.0070099155, 0.0069677504, 0.0069531305, 0.0069251494]"
"Bolivia_2018_Evo_Morales","Topico_3","['ahora', 'millones', 'hermano', 'dólares', 'aplausos', 'decía', 'pueblo', 'gracias', 'quiero', 'patria', 'dejaron', 'hermanos', 'hermanas', 'bolivia', 'papa', 's', 'empresas', 'nuevamente', 'álvaro', 'utilidades']","[0.020031488, 0.020006144, 0.017677035, 0.01757215, 0.015095912, 0.015040059, 0.014563121, 0.011863832, 0.011303436, 0.010262275, 0.009850759, 0.008619849, 0.0086121475, 0.008173099, 0.0077664885, 0.007726377, 0.0077182264, 0.007710107, 0.007680782, 0.0076470184]"
"Bolivia_2018_Evo_Morales","Topico_4","['ciento', 'coca', 'hermanos', 'bolivia', 'quiero', 'ahora', 'hermanas', 'mundial', 'gobiernos', 'mil', 'hectáreas', 'tema', 'bolivianos', 'mucha', 'resultados', 'siempre', 'respetado', 'post', 'económicamente', 'unidas']","[0.021879792, 0.014596975, 0.012769884, 0.012646371, 0.010405598, 0.009669904, 0.009639988, 0.009572836, 0.009314263, 0.0074982573, 0.0071123345, 0.0066001606, 0.006580632, 0.0065806243, 0.006580589, 0.0065805838, 0.0065805744, 0.0065805735, 0.006580545, 0.0065338816]"
"Bolivia_2018_Evo_Morales","Topico_5","['millones', 'gobiernos', 'hermanas', 'dólares', 'municipales', '2018', '2005', 'apoyo', 'internacionales', '2017', 'ciento', 'año', 'cumplir', 'crédito', 'puede', 'departamentales', 'bolivianos', 'policía', 'ffaa', 'opiniones']","[0.020155396, 0.020049123, 0.018869245, 0.013329578, 0.012574419, 0.0106684, 0.008964366, 0.008963969, 0.008963969, 0.0089639155, 0.008963793, 0.008963785, 0.008696933, 0.008674972, 0.008628058, 0.008092384, 0.006072183, 0.004806807, 0.0048032226, 0.004789123]"
"Bolivia_2018_Evo_Morales","Topico_6","['quiero', 'hermanos', 'hermanas', 'gobierno', 'bolivia', 'aplausos', 'nacional', 'potosí', '2018', 'decirles', 'contrabando', 'datos', 'inversión', 'presidente', 'plurinacional', 'internacional', 'lucha', 'pública', 'ciento', 'hace']","[0.015203349, 0.01515038, 0.015104791, 0.01277271, 0.01269894, 0.012669107, 0.010781876, 0.010752738, 0.009213837, 0.008755736, 0.008676763, 0.008673397, 0.0086720325, 0.00854855, 0.008539166, 0.006605486, 0.006605479, 0.006605397, 0.0066053797, 0.0065647145]"
"Bolivia_2018_Evo_Morales","Topico_7","['aplausos', 'bolivia', 'evo', 'hermanos', 'hermanas', 'tupiza', 'chile', 'bolivianos', 'tarija', 'hacia', 'seguro', 'millones', 'aclamaciones', 'participación', 'si', 'nacional', 'contrabando', '2018', 'pueblo', 'potosí']","[0.029431487, 0.015690977, 0.013435288, 0.011435887, 0.009252403, 0.009124678, 0.009124603, 0.008444526, 0.00692219, 0.006922126, 0.006921999, 0.0069029285, 0.0068835304, 0.006873071, 0.006857529, 0.006845741, 0.006795852, 0.005488415, 0.004811417, 0.004749433]"
"Bolivia_2019_Evo_Morales","Topico_1","['hermanas', 'aplausos', 'hermanos', 'quiero', 'mejor', 'kilómetros', 'trinidad', 'construcción', 'decirles', 'sólo', 'sino', 'internacional', 'país', 'historia', 'plan', 'bolivia', 'sector', 'beni', 'departamento', 'plantas']","[0.0149163725, 0.012933921, 0.012927073, 0.010739845, 0.008637038, 0.006753122, 0.006741273, 0.0067317346, 0.0067125345, 0.0067107663, 0.0066415174, 0.0066391095, 0.0065935715, 0.006574722, 0.0065626353, 0.0065299794, 0.0046529546, 0.004632342, 0.0046082092, 0.004584019]"
"Bolivia_2019_Evo_Morales","Topico_2","['gracias', 'bolivia', 'nivel', 'aplausos', 'recursos', 'plantas', 'tres', 'segundo', 'país', 'naturales', 'producción', 'nacionalización', 'alimentos', 'muchas', 'política', 'construir', 'mayores', 'san', 'plurinacional', 'fuerte']","[0.012806146, 0.011235963, 0.009429475, 0.007759023, 0.00756631, 0.007439384, 0.0073733185, 0.005780487, 0.005772411, 0.0057394756, 0.0056889798, 0.0056846556, 0.00565745, 0.0055717486, 0.0039620437, 0.0039606583, 0.0039422833, 0.003940144, 0.003934286, 0.003930699]"
"Bolivia_2019_Evo_Morales","Topico_3","['beni', 'millones', 'dólares', 'inaugurado', 'país', 'aplausos', 'libre', 'fertilizantes', 'ahora', 'digno', 'ii', 'puentes', 'pasadas', 'i', 'decir', 'quiero', 'hermanos', 'bien', 'pueblo', 'nacional']","[0.01790991, 0.01309178, 0.012935903, 0.010942256, 0.01084636, 0.0076595894, 0.0075574373, 0.0075160316, 0.0075160097, 0.007515991, 0.0074771754, 0.0074642976, 0.007452165, 0.0074498923, 0.007364421, 0.006600003, 0.0065824804, 0.0040939646, 0.004039609, 0.004019681]"
"Bolivia_2019_Evo_Morales","Topico_4","['bolivia', 'beni', 'departamento', 'aplausos', 'plurinacional', 'años', 'construcción', 'presidente', 'pobreza', 'hermanos', 'saben', 'ustedes', 'tan', 'homenaje', 'querida', 'rendir', 'ciento', 'saludo', 'extrema', 'morales']","[0.020190509, 0.012294939, 0.012206818, 0.012104268, 0.008385678, 0.008320071, 0.008201275, 0.0063435785, 0.006327644, 0.006252672, 0.006240058, 0.006215619, 0.0061711306, 0.006098473, 0.0060945163, 0.006070837, 0.0044960016, 0.0043440694, 0.004314193, 0.0043086098]"
"Bolivia_2019_Evo_Morales","Topico_5","['aplausos', 'dólares', 'ahora', 'ciento', 'mil', 'hermanos', 'bolivia', 'pib', 'millones', '10', 'tiempos', 'cápita', 'per', 'decirles', 'años', 'vida', 'quiero', 'corrupción', 'presencia', 'pueblo']","[0.011567133, 0.010601118, 0.010457102, 0.010333539, 0.010239742, 0.009194352, 0.008860576, 0.008816534, 0.008761614, 0.008492075, 0.006925935, 0.006881181, 0.0068811467, 0.0068744915, 0.0068164687, 0.0067073423, 0.0058924197, 0.005378252, 0.005310874, 0.0052890736]"
"Bolivia_2019_Evo_Morales","Topico_6","['hermanos', 'hermanas', 'aplausos', 'millones', 'dólares', 'beni', 'trinidad', 'bolivianos', 'bolivianas', 'ciudad', 'quiero', 'decirles', 'homenaje', 'años', 'países', 'hermano', 'afiliados', 'autoridades', 'cemento', 'mando']","[0.013535416, 0.010911342, 0.0092494255, 0.009199228, 0.0091037275, 0.008197096, 0.008169, 0.00816794, 0.008138944, 0.008086887, 0.0056856987, 0.005639209, 0.0056228847, 0.005584015, 0.0055769496, 0.005549808, 0.0055497903, 0.0055497866, 0.005549779, 0.005549779]"
"Bolivia_2019_Evo_Morales","Topico_7","['años', 'quiero', 'vida', 'decirles', 'contrabando', 'glp', 'importaciones', 'bolivia', 'vamos', 'economía', 'beni', 'esperanza', '40', 'sevaruyo', '50', 'ahora', 'hace', 'nuevamente', 'planta', 'año']","[0.014520371, 0.011875641, 0.009694081, 0.0073060896, 0.007261438, 0.0072068386, 0.0071497555, 0.005232267, 0.0051079877, 0.005095284, 0.005093303, 0.0050821616, 0.0050795, 0.0050620832, 0.005030836, 0.0050155534, 0.005007336, 0.005005654, 0.0050027454, 0.004995795]"
"Bolivia_2020_Jeanine_Añez","Topico_1","['golpeado', 'políticas', 'implementado', 'camino', 'apoyo', 'bolivianos', 'pandemia', 'familias', 'empleo', 'caída', 'histórica', 'públicos', 'economía', 'recursos', 'salud', 'fácil', 'vida', 'paz', 'n', 'beneficio']","[0.03942467, 0.033007007, 0.033006795, 0.026589029, 0.026588866, 0.020659862, 0.020472571, 0.020343585, 0.020170845, 0.020170556, 0.020170547, 0.013922817, 0.013752789, 0.013752682, 0.013752644, 0.013751344, 0.007777091, 0.0075223376, 0.007519439, 0.00747563]"
"Bolivia_2020_Jeanine_Añez","Topico_2","['bolivianos', 'democracia', 'caminos', 'avanzando', 'economía', 'gobierno', 'bono', 'salud', 'mas', 'pandemia', 'tres', 'política', 'vida', 'bolivia', 'plena', 'camino', 'encarando', 'reactivar', 'señoras', 'desafío']","[0.026537927, 0.022441244, 0.022441035, 0.022440752, 0.018077623, 0.01800302, 0.017917965, 0.014129372, 0.013729448, 0.013714229, 0.013713949, 0.009453851, 0.009350473, 0.009350452, 0.009350404, 0.009350404, 0.009350373, 0.009350358, 0.009350324, 0.009350313]"
"Bolivia_2020_Jeanine_Añez","Topico_3","['bolivianos', 'bolivia', 'salud', 'economía', 'misión', 'misiones', 'democracia', 'paz', 'llamado', 'desafío', 'futuro', 'importante', 'hoy', 'unidad', 'políticos', 'claras', 'reconciliación', 'líderes', 'pande', 'camino']","[0.034468774, 0.026148656, 0.017828822, 0.017828442, 0.017828377, 0.017828347, 0.009508668, 0.009508579, 0.009508513, 0.009508485, 0.009508482, 0.009508469, 0.009508462, 0.009508461, 0.009508458, 0.0095084505, 0.009508446, 0.009508429, 0.009508427, 0.009508425]"
"Bolivia_2020_Jeanine_Añez","Topico_4","['pandemia', 'camino', 'prioridad', 'decisiones', 'gracias', 'hicimos', 'miles', 'democracia', 'dejado', 'ilias', 'ingresos', 'empleos', 'empresas', 'destruido', 'bendiga', 'muchas', 'fam', 'electoral', 'trabajo', 'celebramos']","[0.021719886, 0.017078161, 0.017077923, 0.016466849, 0.015638586, 0.015169182, 0.014940367, 0.014910653, 0.009108479, 0.009108474, 0.009108472, 0.009108426, 0.00910841, 0.009108372, 0.00910836, 0.009108327, 0.009108312, 0.009108252, 0.009108211, 0.009108183]"
"Bolivia_2020_Jeanine_Añez","Topico_5","['dinero', 'liberen', 'pandemia', 'salud', 'virus', 'servidores', 'públicos', 'democracia', 'miles', 'aprendido', 'sigue', 'desafío', 'independiente', 'justicia', 'transparente', 'seguridad', 'n', 'elecciones', 'fuerte', 'pagar']","[0.051783543, 0.046063025, 0.030113038, 0.026583783, 0.017097201, 0.016498743, 0.016478095, 0.013136899, 0.013116634, 0.011657239, 0.011657149, 0.011657026, 0.011657014, 0.011656947, 0.011656944, 0.011656892, 0.011656846, 0.010508815, 0.009437117, 0.0077063977]"
"Bolivia_2020_Jeanine_Añez","Topico_6","['señores', 'economía', 'democracia', 'destruida', 'señor', 'trabajando', 'pandemia', 'diputados', 'salían', 'despilfarro', 'miembros', 'palacios', 'lucha', 'pueblo', 'saludar', 'fiesta', 'nacional', 'día', 'señora', 'primer']","[0.021231137, 0.0211811, 0.021115493, 0.017102834, 0.01699354, 0.016878258, 0.012884588, 0.0128569435, 0.008846292, 0.0088462625, 0.0088462485, 0.008846113, 0.008845982, 0.008844989, 0.008820291, 0.008816471, 0.008813897, 0.008813027, 0.008806894, 0.00879517]"
"Bolivia_2020_Jeanine_Añez","Topico_7","['trabajado', 'pandemia', 'aplausos', 'ministerio', 'ele', 'onu', 'región', 'internacionales', 'contraloría', 'oms', 'confiables', 'judicial', 'enfrentar', 'imparciales', 'organismos', 'supremo', 'ctoral', 'general', 'países', 'público']","[0.057247095, 0.019969694, 0.019325266, 0.010650518, 0.010650505, 0.010650498, 0.010650497, 0.010650496, 0.010650481, 0.010650476, 0.0106504755, 0.0106504625, 0.010650459, 0.010650458, 0.010650452, 0.010650447, 0.010650445, 0.010650444, 0.010650434, 0.010650433]"
"Bolivia_2021_Luis_Arce","Topico_1","['día', 'aplausos', 'quiroga', 'cada', 'santa', 'elecciones', 'triunfo', 'constitucional', 'psp', 'estructura', 'instaurando', 'diría', 'verdad', 'cruz', 'golpe', 'vamos', 'vez', 'mentira', 'marcelo', 'escamoteó']","[0.023300247, 0.023240216, 0.01247323, 0.012459474, 0.012453075, 0.0124509595, 0.012448383, 0.012447255, 0.012446854, 0.01244172, 0.012441336, 0.012440005, 0.012435532, 0.012433043, 0.012431478, 0.012430904, 0.012430276, 0.012426957, 0.012426511, 0.012425199]"
"Bolivia_2021_Luis_Arce","Topico_2","['música', 'hermanos', 'aplausos', 'favor', 'pueblo', 'representantes', 'ejemplo', 'saludo', 'sociales', 'democracia', 'asambleístas', 'voy', 'observando', 'nacional', 'indígenas', 'todas', 'hoy', 'boliviano', 'octubre', 'año']","[0.045278586, 0.040441755, 0.03536598, 0.035145845, 0.025726207, 0.015752038, 0.015680432, 0.010740017, 0.010739913, 0.010690339, 0.010635476, 0.010574632, 0.010561848, 0.0070063807, 0.006979553, 0.0061203116, 0.005853087, 0.005842235, 0.0057280296, 0.0057280157]"
"Bolivia_2021_Luis_Arce","Topico_3","['pueblo', 'incapacidad', 'patria', 'hombres', 'pueblos', 'independencia', 'espíritu', 'américa', 'enorme', 'hoy', 'lucharon', 'bolivia', 'hermano', 'mujeres', 'ejecutivo', 'secretario', 'gobernar', 'demostró', 'destruir', 'derecha']","[0.017819347, 0.012501997, 0.012332139, 0.012231637, 0.012164787, 0.0121574355, 0.0121563915, 0.0121490825, 0.012145779, 0.012145662, 0.012132649, 0.012132039, 0.012027233, 0.011800665, 0.00679406, 0.0066757933, 0.006667656, 0.006667648, 0.006667644, 0.0066676405]"
"Bolivia_2021_Luis_Arce","Topico_4","['aplausos', 'justicia', 'pueblo', 'decidimos', 'octubre', 'pasado', 'año', 'mandato', 'memo', 'odio', 'sentó', 'responsabilidades', 'santa', 'dictador', 'quiroga', 'marcelo', 'dado', 'cito', 'nuevamente', 'dijo']","[0.020064719, 0.01941565, 0.010647469, 0.010370383, 0.010370305, 0.010370259, 0.010370202, 0.010370126, 0.010368988, 0.010346227, 0.010345554, 0.010339645, 0.010338831, 0.010334373, 0.010334237, 0.010333068, 0.010330819, 0.010329075, 0.010328837, 0.010328372]"
"Bolivia_2021_Luis_Arce","Topico_5","['general', 'bolivia', 'comandante', 'mando', 'señor', 'hermano', 'aplausos', 'injustamente', 'criminalizados', 'señaló', 'amor', 'familias', 'especialmente', 'simón', 'heridos', 'libertador', 'libertad', 'bolívar', 'masacrados', 'detenidos']","[0.034749024, 0.018367628, 0.018130695, 0.01806274, 0.018014837, 0.017880887, 0.010129162, 0.009894047, 0.009894039, 0.009894016, 0.009894014, 0.009894013, 0.009894012, 0.009894011, 0.009894009, 0.009894009, 0.009894005, 0.009894003, 0.009894002, 0.009893991]"
"Bolivia_2021_Luis_Arce","Topico_6","['hermanos', 'asambleístas', 'hermano', 'diputados', 'ministros', 'hermanas', 'presidente', 'secretario', 'ejecutivo', 'óscar', 'washington', 'superestatales', 'senadoras', 'señor', 'supranacionales', 'senadores', 'viceministros', 'herm', 'tribunal', 'electoral']","[0.07690906, 0.034971282, 0.025313566, 0.017707136, 0.017707065, 0.017611716, 0.017512958, 0.017221058, 0.017120397, 0.009443776, 0.0094437525, 0.009443751, 0.009443742, 0.00944374, 0.009443734, 0.009443733, 0.009443731, 0.009443719, 0.009443718, 0.009443718]"
"Bolivia_2021_Luis_Arce","Topico_7","['aplausos', 'todas', 'unidos', 'pueblo', 'parte', 'política', 'música', 'democracia', 'justicia', 'golpe', 'p', 'actos', 'deben', 'sanción', 'competencias', 'perpetraron', 'descansaremos', 'responder', 'exigirá', 'ilegales']","[0.031631824, 0.020578882, 0.02053733, 0.011954398, 0.011507405, 0.01150624, 0.011505283, 0.01149054, 0.011391739, 0.011391609, 0.011391598, 0.011391591, 0.011391591, 0.011391581, 0.011391576, 0.011391565, 0.011391557, 0.011391555, 0.011391547, 0.011391542]"
