"nombre_discurso","topico","palabras","porcentajes"
"Argentina_2022_Alberto_Fernandez","Topico_1","vamos",0.01791948452591896
"Argentina_2022_Alberto_Fernandez","Topico_1","argentina",0.015347234904766083
"Argentina_2022_Alberto_Fernandez","Topico_1","nunca",0.014193113893270493
"Argentina_2022_Alberto_Fernandez","Topico_1","mundo",0.0114296218380332
"Argentina_2022_Alberto_Fernandez","Topico_1","cada",0.007846333086490631
"Argentina_2022_Alberto_Fernandez","Topico_1","libertad",0.007846273481845856
"Argentina_2022_Alberto_Fernandez","Topico_1","terreno",0.007846233434975147
"Argentina_2022_Alberto_Fernandez","Topico_1","esfuerzo",0.007846232503652573
"Argentina_2022_Alberto_Fernandez","Topico_1","poder",0.007846211083233356
"Argentina_2022_Alberto_Fernandez","Topico_1","economía",0.007846145890653133
"Argentina_2022_Alberto_Fernandez","Topico_1","ejercen",0.007846090942621231
"Argentina_2022_Alberto_Fernandez","Topico_1","liderazgos",0.00784602202475071
"Argentina_2022_Alberto_Fernandez","Topico_1","ciento",0.007766154129058123
"Argentina_2022_Alberto_Fernandez","Topico_1","vacunas",0.0077440510503947735
"Argentina_2022_Alberto_Fernandez","Topico_1","presente",0.007739197928458452
"Argentina_2022_Alberto_Fernandez","Topico_1","cuenta",0.007687242701649666
"Argentina_2022_Alberto_Fernandez","Topico_1","aplausos",0.007586725056171417
"Argentina_2022_Alberto_Fernandez","Topico_1","dejar",0.007514354307204485
"Argentina_2022_Alberto_Fernandez","Topico_1","lado",0.007395923137664795
"Argentina_2022_Alberto_Fernandez","Topico_1","hacerlo",0.007343539036810398
"Argentina_2022_Alberto_Fernandez","Topico_2","argentina",0.03128938749432564
"Argentina_2022_Alberto_Fernandez","Topico_2","país",0.01699400134384632
"Argentina_2022_Alberto_Fernandez","Topico_2","año",0.010668247938156128
"Argentina_2022_Alberto_Fernandez","Topico_2","cada",0.010646894574165344
"Argentina_2022_Alberto_Fernandez","Topico_2","trabajo",0.01060938648879528
"Argentina_2022_Alberto_Fernandez","Topico_2","vamos",0.008594500832259655
"Argentina_2022_Alberto_Fernandez","Topico_2","aplausos",0.007469694130122662
"Argentina_2022_Alberto_Fernandez","Topico_2","pública",0.007401011884212494
"Argentina_2022_Alberto_Fernandez","Topico_2","ciento",0.00725927297025919
"Argentina_2022_Alberto_Fernandez","Topico_2","3",0.007259205915033817
"Argentina_2022_Alberto_Fernandez","Topico_2","punto",0.007259180303663015
"Argentina_2022_Alberto_Fernandez","Topico_2","día",0.007259154226630926
"Argentina_2022_Alberto_Fernandez","Topico_2","azul",0.007259052712470293
"Argentina_2022_Alberto_Fernandez","Topico_2","vacuna",0.007259036414325237
"Argentina_2022_Alberto_Fernandez","Topico_2","años",0.007180466316640377
"Argentina_2022_Alberto_Fernandez","Topico_2","capaces",0.007165106944739819
"Argentina_2022_Alberto_Fernandez","Topico_2","mundo",0.0071508497931063175
"Argentina_2022_Alberto_Fernandez","Topico_2","diarios",0.004236369393765926
"Argentina_2022_Alberto_Fernandez","Topico_2","valor",0.004156569950282574
"Argentina_2022_Alberto_Fernandez","Topico_2","salud",0.003937312867492437
"Argentina_2022_Alberto_Fernandez","Topico_3","funcionar",0.016705432906746864
"Argentina_2022_Alberto_Fernandez","Topico_3","bien",0.013425933197140694
"Argentina_2022_Alberto_Fernandez","Topico_3","poder",0.013322473503649235
"Argentina_2022_Alberto_Fernandez","Topico_3","argentina",0.012602654285728931
"Argentina_2022_Alberto_Fernandez","Topico_3","democracia",0.010255914181470871
"Argentina_2022_Alberto_Fernandez","Topico_3","mostraron",0.010249191895127296
"Argentina_2022_Alberto_Fernandez","Topico_3","hicimos",0.0102477902546525
"Argentina_2022_Alberto_Fernandez","Topico_3","chicos",0.0100706797093153
"Argentina_2022_Alberto_Fernandez","Topico_3","cómo",0.007159760687500238
"Argentina_2022_Alberto_Fernandez","Topico_3","cuidar",0.006988098844885826
"Argentina_2022_Alberto_Fernandez","Topico_3","gente",0.006987893953919411
"Argentina_2022_Alberto_Fernandez","Topico_3","decía",0.006933576427400112
"Argentina_2022_Alberto_Fernandez","Topico_3","llamar",0.006821712013334036
"Argentina_2022_Alberto_Fernandez","Topico_3","atención",0.006801258306950331
"Argentina_2022_Alberto_Fernandez","Topico_3","privado",0.006598072592169046
"Argentina_2022_Alberto_Fernandez","Topico_3","inversión",0.006580465938895941
"Argentina_2022_Alberto_Fernandez","Topico_3","récord",0.006580297835171223
"Argentina_2022_Alberto_Fernandez","Topico_3","sector",0.006538019981235266
"Argentina_2022_Alberto_Fernandez","Topico_3","países",0.003884534351527691
"Argentina_2022_Alberto_Fernandez","Topico_3","seguir",0.0037904991768300533
"Argentina_2022_Alberto_Fernandez","Topico_4","veo",0.014111852273344994
"Argentina_2022_Alberto_Fernandez","Topico_4","trabajo",0.013593410141766071
"Argentina_2022_Alberto_Fernandez","Topico_4","día",0.010765506885945797
"Argentina_2022_Alberto_Fernandez","Topico_4","hablo",0.010646148584783077
"Argentina_2022_Alberto_Fernandez","Topico_4","cayó",0.010646147653460503
"Argentina_2022_Alberto_Fernandez","Topico_4","mil",0.010451706126332283
"Argentina_2022_Alberto_Fernandez","Topico_4","sigan",0.01041459385305643
"Argentina_2022_Alberto_Fernandez","Topico_4","iba",0.007325373589992523
"Argentina_2022_Alberto_Fernandez","Topico_4","argentina",0.00726402597501874
"Argentina_2022_Alberto_Fernandez","Topico_4","siempre",0.007258799392729998
"Argentina_2022_Alberto_Fernandez","Topico_4","injustamente",0.007258785888552666
"Argentina_2022_Alberto_Fernandez","Topico_4","economía",0.007258760742843151
"Argentina_2022_Alberto_Fernandez","Topico_4","voy",0.007258712314069271
"Argentina_2022_Alberto_Fernandez","Topico_4","hoy",0.007212268188595772
"Argentina_2022_Alberto_Fernandez","Topico_4","verdad",0.007205298636108637
"Argentina_2022_Alberto_Fernandez","Topico_4","compañeros",0.00716360192745924
"Argentina_2022_Alberto_Fernandez","Topico_4","compañeras",0.007149765267968178
"Argentina_2022_Alberto_Fernandez","Topico_4","insumos",0.007060712203383446
"Argentina_2022_Alberto_Fernandez","Topico_4","produciendo",0.007037508301436901
"Argentina_2022_Alberto_Fernandez","Topico_4","gastando",0.007035049144178629
"Argentina_2022_Alberto_Fernandez","Topico_5","argentina",0.02579420618712902
"Argentina_2022_Alberto_Fernandez","Topico_5","dialogo",0.013018349185585976
"Argentina_2022_Alberto_Fernandez","Topico_5","presidente",0.010509375482797623
"Argentina_2022_Alberto_Fernandez","Topico_5","aplausos",0.010497719049453735
"Argentina_2022_Alberto_Fernandez","Topico_5","voy",0.010457870550453663
"Argentina_2022_Alberto_Fernandez","Topico_5","hicimos",0.007972536608576775
"Argentina_2022_Alberto_Fernandez","Topico_5","trabajadores",0.00796798337250948
"Argentina_2022_Alberto_Fernandez","Topico_5","años",0.007919935509562492
"Argentina_2022_Alberto_Fernandez","Topico_5","veo",0.007914104498922825
"Argentina_2022_Alberto_Fernandez","Topico_5","vez",0.007910862565040588
"Argentina_2022_Alberto_Fernandez","Topico_5","pongamos",0.007888205349445343
"Argentina_2022_Alberto_Fernandez","Topico_5","verdad",0.007842198945581913
"Argentina_2022_Alberto_Fernandez","Topico_5","país",0.005574265029281378
"Argentina_2022_Alberto_Fernandez","Topico_5","70",0.005476712714880705
"Argentina_2022_Alberto_Fernandez","Topico_5","poner",0.005469959694892168
"Argentina_2022_Alberto_Fernandez","Topico_5","claro",0.005443652626127005
"Argentina_2022_Alberto_Fernandez","Topico_5","mil",0.005440695211291313
"Argentina_2022_Alberto_Fernandez","Topico_5","vacuna",0.005435939412564039
"Argentina_2022_Alberto_Fernandez","Topico_5","mesa",0.005435911938548088
"Argentina_2022_Alberto_Fernandez","Topico_5","liderazgo",0.005435910075902939
"Argentina_2022_Alberto_Fernandez","Topico_6","pandemia",0.02029544673860073
"Argentina_2022_Alberto_Fernandez","Topico_6","pueblo",0.012757929041981697
"Argentina_2022_Alberto_Fernandez","Topico_6","vivienda",0.012445894069969654
"Argentina_2022_Alberto_Fernandez","Topico_6","años",0.01038173958659172
"Argentina_2022_Alberto_Fernandez","Topico_6","invirtamos",0.010313848033547401
"Argentina_2022_Alberto_Fernandez","Topico_6","democracia",0.010068673640489578
"Argentina_2022_Alberto_Fernandez","Topico_6","muchas",0.00787991750985384
"Argentina_2022_Alberto_Fernandez","Topico_6","llamaba",0.007854652591049671
"Argentina_2022_Alberto_Fernandez","Topico_6","dónde",0.0078546442091465
"Argentina_2022_Alberto_Fernandez","Topico_6","mil",0.007699217181652784
"Argentina_2022_Alberto_Fernandez","Topico_6","día",0.007650421466678381
"Argentina_2022_Alberto_Fernandez","Topico_6","piense",0.007553476374596357
"Argentina_2022_Alberto_Fernandez","Topico_6","vamos",0.005725565366446972
"Argentina_2022_Alberto_Fernandez","Topico_6","deuda",0.005629565101116896
"Argentina_2022_Alberto_Fernandez","Topico_6","tres",0.00537565303966403
"Argentina_2022_Alberto_Fernandez","Topico_6","hicimos",0.005375591106712818
"Argentina_2022_Alberto_Fernandez","Topico_6","sabríamos",0.005355461034923792
"Argentina_2022_Alberto_Fernandez","Topico_6","frente",0.005355427507311106
"Argentina_2022_Alberto_Fernandez","Topico_6","acá",0.0053554014302790165
"Argentina_2022_Alberto_Fernandez","Topico_6","gobernar",0.005355379544198513
"Argentina_2022_Alberto_Fernandez","Topico_7","aplausos",0.01948758028447628
"Argentina_2022_Alberto_Fernandez","Topico_7","educación",0.019245285540819168
"Argentina_2022_Alberto_Fernandez","Topico_7","argentina",0.015171398408710957
"Argentina_2022_Alberto_Fernandez","Topico_7","mil",0.010151304304599762
"Argentina_2022_Alberto_Fernandez","Topico_7","gas",0.009937658905982971
"Argentina_2022_Alberto_Fernandez","Topico_7","vamos",0.009408751502633095
"Argentina_2022_Alberto_Fernandez","Topico_7","país",0.007775110192596912
"Argentina_2022_Alberto_Fernandez","Topico_7","año",0.007638507056981325
"Argentina_2022_Alberto_Fernandez","Topico_7","años",0.007615718524903059
"Argentina_2022_Alberto_Fernandez","Topico_7","cosas",0.0075748334638774395
"Argentina_2022_Alberto_Fernandez","Topico_7","plan",0.0074987867847085
"Argentina_2022_Alberto_Fernandez","Topico_7","tecnología",0.007365263532847166
"Argentina_2022_Alberto_Fernandez","Topico_7","presupuesto",0.007225384470075369
"Argentina_2022_Alberto_Fernandez","Topico_7","ciencia",0.007118814159184694
"Argentina_2022_Alberto_Fernandez","Topico_7","aumentó",0.007078774273395538
"Argentina_2022_Alberto_Fernandez","Topico_7","cumplir",0.007033493369817734
"Argentina_2022_Alberto_Fernandez","Topico_7","hoy",0.005291739944368601
"Argentina_2022_Alberto_Fernandez","Topico_7","seguir",0.005226218141615391
"Argentina_2022_Alberto_Fernandez","Topico_7","producto",0.005194464232772589
"Argentina_2022_Alberto_Fernandez","Topico_7","interno",0.005194463301450014
"Argentina_2023_Javier_Milei","Topico_1","proyecto",0.009878668934106827
"Argentina_2023_Javier_Milei","Topico_1","argentina",0.00986007135361433
"Argentina_2023_Javier_Milei","Topico_1","argentinos",0.007519882172346115
"Argentina_2023_Javier_Milei","Topico_1","vamos",0.007496017962694168
"Argentina_2023_Javier_Milei","Topico_1","política",0.007494376040995121
"Argentina_2023_Javier_Milei","Topico_1","considera",0.0074943192303180695
"Argentina_2023_Javier_Milei","Topico_1","modelo",0.007494307588785887
"Argentina_2023_Javier_Milei","Topico_1","poder",0.007494180463254452
"Argentina_2023_Javier_Milei","Topico_1","cuanto",0.007379272952675819
"Argentina_2023_Javier_Milei","Topico_1","luego",0.00733695924282074
"Argentina_2023_Javier_Milei","Topico_1","ciento",0.0051309638656675816
"Argentina_2023_Javier_Milei","Topico_1","cambio",0.0051254271529614925
"Argentina_2023_Javier_Milei","Topico_1","país",0.005113149527460337
"Argentina_2023_Javier_Milei","Topico_1","servir",0.005109746009111404
"Argentina_2023_Javier_Milei","Topico_1","mientras",0.005109716672450304
"Argentina_2023_Javier_Milei","Topico_1","caminan",0.0051097082905471325
"Argentina_2023_Javier_Milei","Topico_1","ciudadanos",0.0051097082905471325
"Argentina_2023_Javier_Milei","Topico_1","rejas",0.005109706427901983
"Argentina_2023_Javier_Milei","Topico_1","bien",0.005109701305627823
"Argentina_2023_Javier_Milei","Topico_1","libres",0.005109700839966536
"Argentina_2023_Javier_Milei","Topico_2","país",0.018797211349010468
"Argentina_2023_Javier_Milei","Topico_2","ser",0.008345331065356731
"Argentina_2023_Javier_Milei","Topico_2","nueva",0.00834529660642147
"Argentina_2023_Javier_Milei","Topico_2","argentina",0.008345278911292553
"Argentina_2023_Javier_Milei","Topico_2","hoy",0.008334046229720116
"Argentina_2023_Javier_Milei","Topico_2","hiperinflación",0.00825971458107233
"Argentina_2023_Javier_Milei","Topico_2","situación",0.008253253996372223
"Argentina_2023_Javier_Milei","Topico_2","dinero",0.008219732902944088
"Argentina_2023_Javier_Milei","Topico_2","ciento",0.00574277201667428
"Argentina_2023_Javier_Milei","Topico_2","encima",0.0056899976916611195
"Argentina_2023_Javier_Milei","Topico_2","termina",0.005689976736903191
"Argentina_2023_Javier_Milei","Topico_2","tiempo",0.005689948331564665
"Argentina_2023_Javier_Milei","Topico_2","forma",0.005689943674951792
"Argentina_2023_Javier_Milei","Topico_2","claro",0.0056899189949035645
"Argentina_2023_Javier_Milei","Topico_2","comienza",0.005689884535968304
"Argentina_2023_Javier_Milei","Topico_2","gobierno",0.005648109130561352
"Argentina_2023_Javier_Milei","Topico_2","saliente",0.005627990700304508
"Argentina_2023_Javier_Milei","Topico_2","semejante",0.005617967341095209
"Argentina_2023_Javier_Milei","Topico_2","posible",0.005607884377241135
"Argentina_2023_Javier_Milei","Topico_2","cuadro",0.005603541620075703
"Argentina_2023_Javier_Milei","Topico_3","mil",0.014650850556790829
"Argentina_2023_Javier_Milei","Topico_3","millones",0.014644235372543335
"Argentina_2023_Javier_Milei","Topico_3","dólares",0.014586229808628559
"Argentina_2023_Javier_Milei","Topico_3","deuda",0.00993360672146082
"Argentina_2023_Javier_Milei","Topico_3","si",0.00971838179975748
"Argentina_2023_Javier_Milei","Topico_3","fracasado",0.007519768085330725
"Argentina_2023_Javier_Milei","Topico_3","argentinos",0.007452317513525486
"Argentina_2023_Javier_Milei","Topico_3","ideas",0.005253561306744814
"Argentina_2023_Javier_Milei","Topico_3","país",0.005250911228358746
"Argentina_2023_Javier_Milei","Topico_3","hoy",0.005168712232261896
"Argentina_2023_Javier_Milei","Topico_3","hecho",0.005153846926987171
"Argentina_2023_Javier_Milei","Topico_3","nación",0.0051271189004182816
"Argentina_2023_Javier_Milei","Topico_3","n",0.005127029959112406
"Argentina_2023_Javier_Milei","Topico_3","vamos",0.005125378258526325
"Argentina_2023_Javier_Milei","Topico_3","privado",0.005057184025645256
"Argentina_2023_Javier_Milei","Topico_3","lamentablemente",0.005053307395428419
"Argentina_2023_Javier_Milei","Topico_3","salud",0.005047347862273455
"Argentina_2023_Javier_Milei","Topico_3","mismo",0.0050461990758776665
"Argentina_2023_Javier_Milei","Topico_3","ciento",0.005039267707616091
"Argentina_2023_Javier_Milei","Topico_3","sector",0.005039131734520197
"Argentina_2023_Javier_Milei","Topico_4","aplausos",0.026766285300254822
"Argentina_2023_Javier_Milei","Topico_4","argentinos",0.01290169171988964
"Argentina_2023_Javier_Milei","Topico_4","mil",0.010390590876340866
"Argentina_2023_Javier_Milei","Topico_4","millones",0.010369783267378807
"Argentina_2023_Javier_Milei","Topico_4","dólares",0.010353725403547287
"Argentina_2023_Javier_Milei","Topico_4","país",0.008133961819112301
"Argentina_2023_Javier_Milei","Topico_4","hoy",0.00793302059173584
"Argentina_2023_Javier_Milei","Topico_4","social",0.007892857305705547
"Argentina_2023_Javier_Milei","Topico_4","libertad",0.007892681285738945
"Argentina_2023_Javier_Milei","Topico_4","señores",0.007890627719461918
"Argentina_2023_Javier_Milei","Topico_4","vez",0.007875868119299412
"Argentina_2023_Javier_Milei","Topico_4","deuda",0.007870935834944248
"Argentina_2023_Javier_Milei","Topico_4","ciento",0.00544818164780736
"Argentina_2023_Javier_Milei","Topico_4","mundo",0.005381560884416103
"Argentina_2023_Javier_Milei","Topico_4","vencimientos",0.005381522700190544
"Argentina_2023_Javier_Milei","Topico_4","capacidad",0.0053814915008842945
"Argentina_2023_Javier_Milei","Topico_4","año",0.00538149056956172
"Argentina_2023_Javier_Milei","Topico_4","siga",0.005381451454013586
"Argentina_2023_Javier_Milei","Topico_4","casualidad",0.005381447728723288
"Argentina_2023_Javier_Milei","Topico_4","esencia",0.005381359253078699
"Argentina_2023_Javier_Milei","Topico_5","ciento",0.014657384715974331
"Argentina_2023_Javier_Milei","Topico_5","vamos",0.009958685375750065
"Argentina_2023_Javier_Milei","Topico_5","hoy",0.007633588742464781
"Argentina_2023_Javier_Milei","Topico_5","inflación",0.007513208314776421
"Argentina_2023_Javier_Milei","Topico_5","deja",0.00750483525916934
"Argentina_2023_Javier_Milei","Topico_5","herencia",0.007470747921615839
"Argentina_2023_Javier_Milei","Topico_5","país",0.007433358579874039
"Argentina_2023_Javier_Milei","Topico_5","argentinos",0.005194962490350008
"Argentina_2023_Javier_Milei","Topico_5","programas",0.005150987766683102
"Argentina_2023_Javier_Milei","Topico_5","pobreza",0.005150987301021814
"Argentina_2023_Javier_Milei","Topico_5","anual",0.0051509845070540905
"Argentina_2023_Javier_Milei","Topico_5","historia",0.005150984041392803
"Argentina_2023_Javier_Milei","Topico_5","tasa",0.005150976590812206
"Argentina_2023_Javier_Milei","Topico_5","shock",0.00515097426250577
"Argentina_2023_Javier_Milei","Topico_5","gemelos",0.005150966811925173
"Argentina_2023_Javier_Milei","Topico_5","lugar",0.005150954704731703
"Argentina_2023_Javier_Milei","Topico_5","déficit",0.005150950513780117
"Argentina_2023_Javier_Milei","Topico_5","punto",0.005150943528860807
"Argentina_2023_Javier_Milei","Topico_5","camino",0.00515091372653842
"Argentina_2023_Javier_Milei","Topico_5","luz",0.005150898359715939
"Argentina_2023_Javier_Milei","Topico_6","país",0.013184383511543274
"Argentina_2023_Javier_Milei","Topico_6","sido",0.010676281526684761
"Argentina_2023_Javier_Milei","Topico_6","años",0.01061578094959259
"Argentina_2023_Javier_Milei","Topico_6","tal",0.010499097406864166
"Argentina_2023_Javier_Milei","Topico_6","vida",0.010386403650045395
"Argentina_2023_Javier_Milei","Topico_6","día",0.010347007773816586
"Argentina_2023_Javier_Milei","Topico_6","recuerdo",0.008100440725684166
"Argentina_2023_Javier_Milei","Topico_6","importa",0.008100307546555996
"Argentina_2023_Javier_Milei","Topico_6","100",0.00804047379642725
"Argentina_2023_Javier_Milei","Topico_6","nivel",0.007933098822832108
"Argentina_2023_Javier_Milei","Topico_6","todas",0.00793282687664032
"Argentina_2023_Javier_Milei","Topico_6","ideas",0.007911448366940022
"Argentina_2023_Javier_Milei","Topico_6","libertad",0.007903717458248138
"Argentina_2023_Javier_Milei","Topico_6","hoy",0.007856927812099457
"Argentina_2023_Javier_Milei","Topico_6","importante",0.005569102708250284
"Argentina_2023_Javier_Milei","Topico_6","dónde",0.005536728072911501
"Argentina_2023_Javier_Milei","Topico_6","dos",0.0055229878053069115
"Argentina_2023_Javier_Milei","Topico_6","acción",0.005522920750081539
"Argentina_2023_Javier_Milei","Topico_6","único",0.005522899329662323
"Argentina_2023_Javier_Milei","Topico_6","política",0.00552264554426074
"Argentina_2023_Javier_Milei","Topico_7","ciento",0.013325946405529976
"Argentina_2023_Javier_Milei","Topico_7","puntos",0.012636354193091393
"Argentina_2023_Javier_Milei","Topico_7","mismo",0.010799127630889416
"Argentina_2023_Javier_Milei","Topico_7","país",0.01077343337237835
"Argentina_2023_Javier_Milei","Topico_7","ajuste",0.010769675485789776
"Argentina_2023_Javier_Milei","Topico_7","argentina",0.010729788802564144
"Argentina_2023_Javier_Milei","Topico_7","sólo",0.010602687485516071
"Argentina_2023_Javier_Milei","Topico_7","alternativa",0.008186299353837967
"Argentina_2023_Javier_Milei","Topico_7","20",0.008179153315722942
"Argentina_2023_Javier_Milei","Topico_7","fiscal",0.008131365291774273
"Argentina_2023_Javier_Milei","Topico_7","16",0.008122396655380726
"Argentina_2023_Javier_Milei","Topico_7","pbi",0.007251393981277943
"Argentina_2023_Javier_Milei","Topico_7","central",0.00723561504855752
"Argentina_2023_Javier_Milei","Topico_7","déficit",0.007230320014059544
"Argentina_2023_Javier_Milei","Topico_7","banco",0.007218549028038979
"Argentina_2023_Javier_Milei","Topico_7","inflación",0.00560138002038002
"Argentina_2023_Javier_Milei","Topico_7","millones",0.0055923727340996265
"Argentina_2023_Javier_Milei","Topico_7","vida",0.005587576422840357
"Argentina_2023_Javier_Milei","Topico_7","única",0.0055816215462982655
"Argentina_2023_Javier_Milei","Topico_7","si",0.005576389376074076
"Bolivia_2017_Evo_Morales","Topico_1","millones",0.01132053229957819
"Bolivia_2017_Evo_Morales","Topico_1","bolivia",0.00979720801115036
"Bolivia_2017_Evo_Morales","Topico_1","hermanos",0.008902478031814098
"Bolivia_2017_Evo_Morales","Topico_1","aplausos",0.0081991758197546
"Bolivia_2017_Evo_Morales","Topico_1","tema",0.008086205460131168
"Bolivia_2017_Evo_Morales","Topico_1","2005",0.006380628794431686
"Bolivia_2017_Evo_Morales","Topico_1","hogares",0.006369335576891899
"Bolivia_2017_Evo_Morales","Topico_1","energía",0.0063693285919725895
"Bolivia_2017_Evo_Morales","Topico_1","ahora",0.0063392785377800465
"Bolivia_2017_Evo_Morales","Topico_1","hermanas",0.006300064735114574
"Bolivia_2017_Evo_Morales","Topico_1","datos",0.005180473439395428
"Bolivia_2017_Evo_Morales","Topico_1","va",0.005173882003873587
"Bolivia_2017_Evo_Morales","Topico_1","si",0.005159749649465084
"Bolivia_2017_Evo_Morales","Topico_1","bolivianos",0.005096652079373598
"Bolivia_2017_Evo_Morales","Topico_1","potable",0.004998237360268831
"Bolivia_2017_Evo_Morales","Topico_1","acceso",0.004898761864751577
"Bolivia_2017_Evo_Morales","Topico_1","construcción",0.00481443852186203
"Bolivia_2017_Evo_Morales","Topico_1","agua",0.004738308023661375
"Bolivia_2017_Evo_Morales","Topico_1","gobiernos",0.004664063919335604
"Bolivia_2017_Evo_Morales","Topico_1","2016",0.004198310896754265
"Bolivia_2017_Evo_Morales","Topico_2","bolivia",0.03213590011000633
"Bolivia_2017_Evo_Morales","Topico_2","aplausos",0.014425316825509071
"Bolivia_2017_Evo_Morales","Topico_2","tema",0.014130168594419956
"Bolivia_2017_Evo_Morales","Topico_2","pib",0.012269342318177223
"Bolivia_2017_Evo_Morales","Topico_2","2017",0.008664027787744999
"Bolivia_2017_Evo_Morales","Topico_2","cápita",0.0066461507230997086
"Bolivia_2017_Evo_Morales","Topico_2","per",0.006646107416599989
"Bolivia_2017_Evo_Morales","Topico_2","inversión",0.005797943565994501
"Bolivia_2017_Evo_Morales","Topico_2","pueblo",0.005730826407670975
"Bolivia_2017_Evo_Morales","Topico_2","hacia",0.005462457425892353
"Bolivia_2017_Evo_Morales","Topico_2","agosto",0.005340447183698416
"Bolivia_2017_Evo_Morales","Topico_2","6",0.005273985676467419
"Bolivia_2017_Evo_Morales","Topico_2","cobija",0.005242308136075735
"Bolivia_2017_Evo_Morales","Topico_2","192",0.005144973751157522
"Bolivia_2017_Evo_Morales","Topico_2","año",0.004879419691860676
"Bolivia_2017_Evo_Morales","Topico_2","internacional",0.004686857108026743
"Bolivia_2017_Evo_Morales","Topico_2","2016",0.004650629125535488
"Bolivia_2017_Evo_Morales","Topico_2","sólo",0.004642611835151911
"Bolivia_2017_Evo_Morales","Topico_2","pública",0.004618471954017878
"Bolivia_2017_Evo_Morales","Topico_2","diálogo",0.004597321152687073
"Bolivia_2017_Evo_Morales","Topico_3","hectáreas",0.018850896507501602
"Bolivia_2017_Evo_Morales","Topico_3","mil",0.01672983355820179
"Bolivia_2017_Evo_Morales","Topico_3","2005",0.016087371855974197
"Bolivia_2017_Evo_Morales","Topico_3","10",0.014575508423149586
"Bolivia_2017_Evo_Morales","Topico_3","ahora",0.01433342695236206
"Bolivia_2017_Evo_Morales","Topico_3","2016",0.012499413453042507
"Bolivia_2017_Evo_Morales","Topico_3","años",0.011756941676139832
"Bolivia_2017_Evo_Morales","Topico_3","vida",0.01033432874828577
"Bolivia_2017_Evo_Morales","Topico_3","bolivia",0.009465322829782963
"Bolivia_2017_Evo_Morales","Topico_3","aplausos",0.009025325067341328
"Bolivia_2017_Evo_Morales","Topico_3","bachilleres",0.007812407799065113
"Bolivia_2017_Evo_Morales","Topico_3","esperanza",0.007812360301613808
"Bolivia_2017_Evo_Morales","Topico_3","pobre",0.007415603846311569
"Bolivia_2017_Evo_Morales","Topico_3","rico",0.0073857177048921585
"Bolivia_2017_Evo_Morales","Topico_3","veces",0.007380631752312183
"Bolivia_2017_Evo_Morales","Topico_3","ingresos",0.007324893027544022
"Bolivia_2017_Evo_Morales","Topico_3","mujeres",0.006540674716234207
"Bolivia_2017_Evo_Morales","Topico_3","resultados",0.00512021966278553
"Bolivia_2017_Evo_Morales","Topico_3","unidad",0.00505060376599431
"Bolivia_2017_Evo_Morales","Topico_3","informe",0.005039871204644442
"Bolivia_2017_Evo_Morales","Topico_4","bolivia",0.017854860052466393
"Bolivia_2017_Evo_Morales","Topico_4","millones",0.01492026075720787
"Bolivia_2017_Evo_Morales","Topico_4","2005",0.012675395235419273
"Bolivia_2017_Evo_Morales","Topico_4","2016",0.008352956734597683
"Bolivia_2017_Evo_Morales","Topico_4","ahora",0.007665707264095545
"Bolivia_2017_Evo_Morales","Topico_4","mil",0.006984762381762266
"Bolivia_2017_Evo_Morales","Topico_4","personas",0.006975564174354076
"Bolivia_2017_Evo_Morales","Topico_4","dólares",0.005781230982393026
"Bolivia_2017_Evo_Morales","Topico_4","salud",0.0057098278775811195
"Bolivia_2017_Evo_Morales","Topico_4","consejo",0.0057018524967134
"Bolivia_2017_Evo_Morales","Topico_4","toneladas",0.005694813095033169
"Bolivia_2017_Evo_Morales","Topico_4","métricas",0.005694794934242964
"Bolivia_2017_Evo_Morales","Topico_4","4",0.00564496498554945
"Bolivia_2017_Evo_Morales","Topico_4","clase",0.0055816201493144035
"Bolivia_2017_Evo_Morales","Topico_4","pando",0.00546983489766717
"Bolivia_2017_Evo_Morales","Topico_4","aplausos",0.005467858165502548
"Bolivia_2017_Evo_Morales","Topico_4","2014",0.0052743698470294476
"Bolivia_2017_Evo_Morales","Topico_4","gobierno",0.0049743130803108215
"Bolivia_2017_Evo_Morales","Topico_4","mundo",0.00449772784486413
"Bolivia_2017_Evo_Morales","Topico_4","seguridad",0.004323551431298256
"Bolivia_2017_Evo_Morales","Topico_5","inversión",0.019600436091423035
"Bolivia_2017_Evo_Morales","Topico_5","millones",0.018070658668875694
"Bolivia_2017_Evo_Morales","Topico_5","bolivia",0.01218954287469387
"Bolivia_2017_Evo_Morales","Topico_5","año",0.010200082324445248
"Bolivia_2017_Evo_Morales","Topico_5","área",0.009115134365856647
"Bolivia_2017_Evo_Morales","Topico_5","2016",0.008694685995578766
"Bolivia_2017_Evo_Morales","Topico_5","dólares",0.007453356869518757
"Bolivia_2017_Evo_Morales","Topico_5","hermanos",0.0068193040788173676
"Bolivia_2017_Evo_Morales","Topico_5","mil",0.006247554440051317
"Bolivia_2017_Evo_Morales","Topico_5","tema",0.006225015036761761
"Bolivia_2017_Evo_Morales","Topico_5","2005",0.006110241636633873
"Bolivia_2017_Evo_Morales","Topico_5","ahora",0.006046882830560207
"Bolivia_2017_Evo_Morales","Topico_5","importante",0.005991614889353514
"Bolivia_2017_Evo_Morales","Topico_5","salud",0.0059817940928041935
"Bolivia_2017_Evo_Morales","Topico_5","personas",0.005971190053969622
"Bolivia_2017_Evo_Morales","Topico_5","aplausos",0.005856470204889774
"Bolivia_2017_Evo_Morales","Topico_5","urbana",0.005362650845199823
"Bolivia_2017_Evo_Morales","Topico_5","hermanas",0.0049064140766859055
"Bolivia_2017_Evo_Morales","Topico_5","tan",0.004814156796783209
"Bolivia_2017_Evo_Morales","Topico_5","todas",0.004202164243906736
"Bolivia_2017_Evo_Morales","Topico_6","aplausos",0.021416697651147842
"Bolivia_2017_Evo_Morales","Topico_6","bolivia",0.01456505712121725
"Bolivia_2017_Evo_Morales","Topico_6","hermanos",0.012326995842158794
"Bolivia_2017_Evo_Morales","Topico_6","hermano",0.008239078335464
"Bolivia_2017_Evo_Morales","Topico_6","pando",0.007935498841106892
"Bolivia_2017_Evo_Morales","Topico_6","temas",0.007152379956096411
"Bolivia_2017_Evo_Morales","Topico_6","presidente",0.007024355232715607
"Bolivia_2017_Evo_Morales","Topico_6","tema",0.005822531413286924
"Bolivia_2017_Evo_Morales","Topico_6","corredor",0.005800582468509674
"Bolivia_2017_Evo_Morales","Topico_6","vicepresidente",0.005713007412850857
"Bolivia_2017_Evo_Morales","Topico_6","años",0.005680226255208254
"Bolivia_2017_Evo_Morales","Topico_6","asamblea",0.0056688496842980385
"Bolivia_2017_Evo_Morales","Topico_6","departamento",0.004989774897694588
"Bolivia_2017_Evo_Morales","Topico_6","países",0.004588649142533541
"Bolivia_2017_Evo_Morales","Topico_6","área",0.0045725698582828045
"Bolivia_2017_Evo_Morales","Topico_6","rural",0.004417242482304573
"Bolivia_2017_Evo_Morales","Topico_6","ferroviario",0.004408283159136772
"Bolivia_2017_Evo_Morales","Topico_6","bioceánico",0.004394523333758116
"Bolivia_2017_Evo_Morales","Topico_6","trabajo",0.004367757588624954
"Bolivia_2017_Evo_Morales","Topico_6","plurinacional",0.004364536143839359
"Bolivia_2017_Evo_Morales","Topico_7","millones",0.016596071422100067
"Bolivia_2017_Evo_Morales","Topico_7","dólares",0.01640601083636284
"Bolivia_2017_Evo_Morales","Topico_7","aplausos",0.014541443437337875
"Bolivia_2017_Evo_Morales","Topico_7","bolivia",0.00854689721018076
"Bolivia_2017_Evo_Morales","Topico_7","año",0.008233243599534035
"Bolivia_2017_Evo_Morales","Topico_7","internacionales",0.007077227812260389
"Bolivia_2017_Evo_Morales","Topico_7","quiero",0.006096837110817432
"Bolivia_2017_Evo_Morales","Topico_7","tema",0.006086534820497036
"Bolivia_2017_Evo_Morales","Topico_7","gobierno",0.006031392607837915
"Bolivia_2017_Evo_Morales","Topico_7","ahora",0.00538091454654932
"Bolivia_2017_Evo_Morales","Topico_7","nacional",0.004911835305392742
"Bolivia_2017_Evo_Morales","Topico_7","hidrocarburos",0.004871492274105549
"Bolivia_2017_Evo_Morales","Topico_7","si",0.0048532807268202305
"Bolivia_2017_Evo_Morales","Topico_7","responsabilidad",0.004848710726946592
"Bolivia_2017_Evo_Morales","Topico_7","pese",0.00480316299945116
"Bolivia_2017_Evo_Morales","Topico_7","reservas",0.00472247414290905
"Bolivia_2017_Evo_Morales","Topico_7","2005",0.003950702957808971
"Bolivia_2017_Evo_Morales","Topico_7","cuatro",0.003780196188017726
"Bolivia_2017_Evo_Morales","Topico_7","va",0.003756259335204959
"Bolivia_2017_Evo_Morales","Topico_7","energía",0.0037562085781246424
"Bolivia_2018_Evo_Morales","Topico_1","hermanos",0.02722250483930111
"Bolivia_2018_Evo_Morales","Topico_1","hermanas",0.026837415993213654
"Bolivia_2018_Evo_Morales","Topico_1","bolivia",0.016216624528169632
"Bolivia_2018_Evo_Morales","Topico_1","ahora",0.014010756276547909
"Bolivia_2018_Evo_Morales","Topico_1","viva",0.013788129203021526
"Bolivia_2018_Evo_Morales","Topico_1","aplausos",0.013579376973211765
"Bolivia_2018_Evo_Morales","Topico_1","departamento",0.011676277033984661
"Bolivia_2018_Evo_Morales","Topico_1","uyuni",0.009398076683282852
"Bolivia_2018_Evo_Morales","Topico_1","empresas",0.00728036742657423
"Bolivia_2018_Evo_Morales","Topico_1","contrabando",0.007168278563767672
"Bolivia_2018_Evo_Morales","Topico_1","derecho",0.007135547697544098
"Bolivia_2018_Evo_Morales","Topico_1","vamos",0.0071306293830275536
"Bolivia_2018_Evo_Morales","Topico_1","económico",0.00712427357211709
"Bolivia_2018_Evo_Morales","Topico_1","construcción",0.007044054567813873
"Bolivia_2018_Evo_Morales","Topico_1","quiero",0.005937206093221903
"Bolivia_2018_Evo_Morales","Topico_1","pueblo",0.005730763077735901
"Bolivia_2018_Evo_Morales","Topico_1","seguir",0.004888258874416351
"Bolivia_2018_Evo_Morales","Topico_1","cómo",0.0048651322722435
"Bolivia_2018_Evo_Morales","Topico_1","potosí",0.004865104332566261
"Bolivia_2018_Evo_Morales","Topico_1","humano",0.0048650880344212055
"Bolivia_2018_Evo_Morales","Topico_2","dólares",0.037906214594841
"Bolivia_2018_Evo_Morales","Topico_2","millones",0.03782004117965698
"Bolivia_2018_Evo_Morales","Topico_2","aplausos",0.027335794642567635
"Bolivia_2018_Evo_Morales","Topico_2","quiero",0.02424679696559906
"Bolivia_2018_Evo_Morales","Topico_2","hermanos",0.021192193031311035
"Bolivia_2018_Evo_Morales","Topico_2","decirles",0.019862713292241096
"Bolivia_2018_Evo_Morales","Topico_2","hermanas",0.01939593069255352
"Bolivia_2018_Evo_Morales","Topico_2","2005",0.017130497843027115
"Bolivia_2018_Evo_Morales","Topico_2","2017",0.013823091983795166
"Bolivia_2018_Evo_Morales","Topico_2","potosí",0.013684234581887722
"Bolivia_2018_Evo_Morales","Topico_2","departamento",0.01140278298407793
"Bolivia_2018_Evo_Morales","Topico_2","años",0.011398891918361187
"Bolivia_2018_Evo_Morales","Topico_2","bolivia",0.009233185090124607
"Bolivia_2018_Evo_Morales","Topico_2","ahorro",0.009231491945683956
"Bolivia_2018_Evo_Morales","Topico_2","pueblo",0.008585955947637558
"Bolivia_2018_Evo_Morales","Topico_2","internacionales",0.007015757728368044
"Bolivia_2018_Evo_Morales","Topico_2","tema",0.007009915541857481
"Bolivia_2018_Evo_Morales","Topico_2","dejaron",0.0069677503779530525
"Bolivia_2018_Evo_Morales","Topico_2","desempleo",0.006953130476176739
"Bolivia_2018_Evo_Morales","Topico_2","comandante",0.006925149355083704
"Bolivia_2018_Evo_Morales","Topico_3","ahora",0.020031487569212914
"Bolivia_2018_Evo_Morales","Topico_3","millones",0.020006144419312477
"Bolivia_2018_Evo_Morales","Topico_3","hermano",0.017677035182714462
"Bolivia_2018_Evo_Morales","Topico_3","dólares",0.017572149634361267
"Bolivia_2018_Evo_Morales","Topico_3","aplausos",0.015095911920070648
"Bolivia_2018_Evo_Morales","Topico_3","decía",0.015040058642625809
"Bolivia_2018_Evo_Morales","Topico_3","pueblo",0.014563120901584625
"Bolivia_2018_Evo_Morales","Topico_3","gracias",0.011863832361996174
"Bolivia_2018_Evo_Morales","Topico_3","quiero",0.011303436011075974
"Bolivia_2018_Evo_Morales","Topico_3","patria",0.010262275114655495
"Bolivia_2018_Evo_Morales","Topico_3","dejaron",0.00985075905919075
"Bolivia_2018_Evo_Morales","Topico_3","hermanos",0.008619848638772964
"Bolivia_2018_Evo_Morales","Topico_3","hermanas",0.008612147532403469
"Bolivia_2018_Evo_Morales","Topico_3","bolivia",0.008173098787665367
"Bolivia_2018_Evo_Morales","Topico_3","papa",0.00776648847386241
"Bolivia_2018_Evo_Morales","Topico_3","s",0.007726376876235008
"Bolivia_2018_Evo_Morales","Topico_3","empresas",0.007718226406723261
"Bolivia_2018_Evo_Morales","Topico_3","nuevamente",0.007710107136517763
"Bolivia_2018_Evo_Morales","Topico_3","álvaro",0.007680782116949558
"Bolivia_2018_Evo_Morales","Topico_3","utilidades",0.007647018413990736
"Bolivia_2018_Evo_Morales","Topico_4","ciento",0.02187979221343994
"Bolivia_2018_Evo_Morales","Topico_4","coca",0.014596975408494473
"Bolivia_2018_Evo_Morales","Topico_4","hermanos",0.012769884429872036
"Bolivia_2018_Evo_Morales","Topico_4","bolivia",0.012646370567381382
"Bolivia_2018_Evo_Morales","Topico_4","quiero",0.01040559820830822
"Bolivia_2018_Evo_Morales","Topico_4","ahora",0.009669903665781021
"Bolivia_2018_Evo_Morales","Topico_4","hermanas",0.009639987722039223
"Bolivia_2018_Evo_Morales","Topico_4","mundial",0.009572835639119148
"Bolivia_2018_Evo_Morales","Topico_4","gobiernos",0.009314263239502907
"Bolivia_2018_Evo_Morales","Topico_4","mil",0.007498257327824831
"Bolivia_2018_Evo_Morales","Topico_4","hectáreas",0.007112334482371807
"Bolivia_2018_Evo_Morales","Topico_4","tema",0.006600160617381334
"Bolivia_2018_Evo_Morales","Topico_4","bolivianos",0.00658063217997551
"Bolivia_2018_Evo_Morales","Topico_4","mucha",0.006580624263733625
"Bolivia_2018_Evo_Morales","Topico_4","resultados",0.00658058887347579
"Bolivia_2018_Evo_Morales","Topico_4","siempre",0.00658058375120163
"Bolivia_2018_Evo_Morales","Topico_4","respetado",0.0065805744379758835
"Bolivia_2018_Evo_Morales","Topico_4","post",0.006580573506653309
"Bolivia_2018_Evo_Morales","Topico_4","económicamente",0.006580545101314783
"Bolivia_2018_Evo_Morales","Topico_4","unidas",0.006533881649374962
"Bolivia_2018_Evo_Morales","Topico_5","millones",0.020155396312475204
"Bolivia_2018_Evo_Morales","Topico_5","gobiernos",0.020049123093485832
"Bolivia_2018_Evo_Morales","Topico_5","hermanas",0.018869245424866676
"Bolivia_2018_Evo_Morales","Topico_5","dólares",0.013329577632248402
"Bolivia_2018_Evo_Morales","Topico_5","municipales",0.012574419379234314
"Bolivia_2018_Evo_Morales","Topico_5","2018",0.01066839974373579
"Bolivia_2018_Evo_Morales","Topico_5","2005",0.008964366279542446
"Bolivia_2018_Evo_Morales","Topico_5","apoyo",0.008963968604803085
"Bolivia_2018_Evo_Morales","Topico_5","internacionales",0.008963968604803085
"Bolivia_2018_Evo_Morales","Topico_5","2017",0.008963915519416332
"Bolivia_2018_Evo_Morales","Topico_5","ciento",0.008963792584836483
"Bolivia_2018_Evo_Morales","Topico_5","año",0.008963785134255886
"Bolivia_2018_Evo_Morales","Topico_5","cumplir",0.008696933276951313
"Bolivia_2018_Evo_Morales","Topico_5","crédito",0.008674971759319305
"Bolivia_2018_Evo_Morales","Topico_5","puede",0.0086280582472682
"Bolivia_2018_Evo_Morales","Topico_5","departamentales",0.008092383854091167
"Bolivia_2018_Evo_Morales","Topico_5","bolivianos",0.0060721831396222115
"Bolivia_2018_Evo_Morales","Topico_5","policía",0.0048068067990243435
"Bolivia_2018_Evo_Morales","Topico_5","ffaa",0.004803222604095936
"Bolivia_2018_Evo_Morales","Topico_5","opiniones",0.004789122845977545
"Bolivia_2018_Evo_Morales","Topico_6","quiero",0.01520334929227829
"Bolivia_2018_Evo_Morales","Topico_6","hermanos",0.015150380320847034
"Bolivia_2018_Evo_Morales","Topico_6","hermanas",0.015104791149497032
"Bolivia_2018_Evo_Morales","Topico_6","gobierno",0.01277271006256342
"Bolivia_2018_Evo_Morales","Topico_6","bolivia",0.012698940001428127
"Bolivia_2018_Evo_Morales","Topico_6","aplausos",0.01266910694539547
"Bolivia_2018_Evo_Morales","Topico_6","nacional",0.010781875811517239
"Bolivia_2018_Evo_Morales","Topico_6","potosí",0.010752738453447819
"Bolivia_2018_Evo_Morales","Topico_6","2018",0.00921383686363697
"Bolivia_2018_Evo_Morales","Topico_6","decirles",0.00875573605298996
"Bolivia_2018_Evo_Morales","Topico_6","contrabando",0.008676762692630291
"Bolivia_2018_Evo_Morales","Topico_6","datos",0.00867339689284563
"Bolivia_2018_Evo_Morales","Topico_6","inversión",0.008672032505273819
"Bolivia_2018_Evo_Morales","Topico_6","presidente",0.008548550307750702
"Bolivia_2018_Evo_Morales","Topico_6","plurinacional",0.008539166301488876
"Bolivia_2018_Evo_Morales","Topico_6","internacional",0.006605485919862986
"Bolivia_2018_Evo_Morales","Topico_6","lucha",0.006605478934943676
"Bolivia_2018_Evo_Morales","Topico_6","pública",0.00660539697855711
"Bolivia_2018_Evo_Morales","Topico_6","ciento",0.0066053797490894794
"Bolivia_2018_Evo_Morales","Topico_6","hace",0.006564714480191469
"Bolivia_2018_Evo_Morales","Topico_7","aplausos",0.029431486502289772
"Bolivia_2018_Evo_Morales","Topico_7","bolivia",0.01569097675383091
"Bolivia_2018_Evo_Morales","Topico_7","evo",0.013435288332402706
"Bolivia_2018_Evo_Morales","Topico_7","hermanos",0.011435886844992638
"Bolivia_2018_Evo_Morales","Topico_7","hermanas",0.009252402931451797
"Bolivia_2018_Evo_Morales","Topico_7","tupiza",0.009124677628278732
"Bolivia_2018_Evo_Morales","Topico_7","chile",0.009124603122472763
"Bolivia_2018_Evo_Morales","Topico_7","bolivianos",0.008444526232779026
"Bolivia_2018_Evo_Morales","Topico_7","tarija",0.006922190077602863
"Bolivia_2018_Evo_Morales","Topico_7","hacia",0.006922125816345215
"Bolivia_2018_Evo_Morales","Topico_7","seguro",0.006921999156475067
"Bolivia_2018_Evo_Morales","Topico_7","millones",0.006902928464114666
"Bolivia_2018_Evo_Morales","Topico_7","aclamaciones",0.0068835304118692875
"Bolivia_2018_Evo_Morales","Topico_7","participación",0.006873071193695068
"Bolivia_2018_Evo_Morales","Topico_7","si",0.006857528816908598
"Bolivia_2018_Evo_Morales","Topico_7","nacional",0.00684574106708169
"Bolivia_2018_Evo_Morales","Topico_7","contrabando",0.006795851979404688
"Bolivia_2018_Evo_Morales","Topico_7","2018",0.005488414783030748
"Bolivia_2018_Evo_Morales","Topico_7","pueblo",0.00481141684576869
"Bolivia_2018_Evo_Morales","Topico_7","potosí",0.004749433137476444
"Bolivia_2019_Evo_Morales","Topico_1","hermanas",0.01491637248545885
"Bolivia_2019_Evo_Morales","Topico_1","aplausos",0.012933921068906784
"Bolivia_2019_Evo_Morales","Topico_1","hermanos",0.012927073054015636
"Bolivia_2019_Evo_Morales","Topico_1","quiero",0.010739845223724842
"Bolivia_2019_Evo_Morales","Topico_1","mejor",0.008637038059532642
"Bolivia_2019_Evo_Morales","Topico_1","kilómetros",0.006753121968358755
"Bolivia_2019_Evo_Morales","Topico_1","trinidad",0.00674127321690321
"Bolivia_2019_Evo_Morales","Topico_1","construcción",0.006731734611093998
"Bolivia_2019_Evo_Morales","Topico_1","decirles",0.006712534464895725
"Bolivia_2019_Evo_Morales","Topico_1","sólo",0.006710766348987818
"Bolivia_2019_Evo_Morales","Topico_1","sino",0.0066415173932909966
"Bolivia_2019_Evo_Morales","Topico_1","internacional",0.006639109458774328
"Bolivia_2019_Evo_Morales","Topico_1","país",0.00659357151016593
"Bolivia_2019_Evo_Morales","Topico_1","historia",0.006574722006917
"Bolivia_2019_Evo_Morales","Topico_1","plan",0.00656263530254364
"Bolivia_2019_Evo_Morales","Topico_1","bolivia",0.006529979407787323
"Bolivia_2019_Evo_Morales","Topico_1","sector",0.004652954638004303
"Bolivia_2019_Evo_Morales","Topico_1","beni",0.004632342141121626
"Bolivia_2019_Evo_Morales","Topico_1","departamento",0.004608209244906902
"Bolivia_2019_Evo_Morales","Topico_1","plantas",0.00458401907235384
"Bolivia_2019_Evo_Morales","Topico_2","gracias",0.012806146405637264
"Bolivia_2019_Evo_Morales","Topico_2","bolivia",0.011235962621867657
"Bolivia_2019_Evo_Morales","Topico_2","nivel",0.009429475292563438
"Bolivia_2019_Evo_Morales","Topico_2","aplausos",0.007759022992104292
"Bolivia_2019_Evo_Morales","Topico_2","recursos",0.007566309999674559
"Bolivia_2019_Evo_Morales","Topico_2","plantas",0.0074393837712705135
"Bolivia_2019_Evo_Morales","Topico_2","tres",0.007373318541795015
"Bolivia_2019_Evo_Morales","Topico_2","segundo",0.005780486855655909
"Bolivia_2019_Evo_Morales","Topico_2","país",0.0057724108919501305
"Bolivia_2019_Evo_Morales","Topico_2","naturales",0.005739475600421429
"Bolivia_2019_Evo_Morales","Topico_2","producción",0.005688979756087065
"Bolivia_2019_Evo_Morales","Topico_2","nacionalización",0.005684655625373125
"Bolivia_2019_Evo_Morales","Topico_2","alimentos",0.005657449830323458
"Bolivia_2019_Evo_Morales","Topico_2","muchas",0.005571748595684767
"Bolivia_2019_Evo_Morales","Topico_2","política",0.003962043672800064
"Bolivia_2019_Evo_Morales","Topico_2","construir",0.0039606583304703236
"Bolivia_2019_Evo_Morales","Topico_2","mayores",0.00394228333607316
"Bolivia_2019_Evo_Morales","Topico_2","san",0.003940144088119268
"Bolivia_2019_Evo_Morales","Topico_2","plurinacional",0.003934286069124937
"Bolivia_2019_Evo_Morales","Topico_2","fuerte",0.0039306990802288055
"Bolivia_2019_Evo_Morales","Topico_3","beni",0.017909910529851913
"Bolivia_2019_Evo_Morales","Topico_3","millones",0.013091780245304108
"Bolivia_2019_Evo_Morales","Topico_3","dólares",0.012935902923345566
"Bolivia_2019_Evo_Morales","Topico_3","inaugurado",0.010942256078124046
"Bolivia_2019_Evo_Morales","Topico_3","país",0.01084635965526104
"Bolivia_2019_Evo_Morales","Topico_3","aplausos",0.007659589406102896
"Bolivia_2019_Evo_Morales","Topico_3","libre",0.007557437289506197
"Bolivia_2019_Evo_Morales","Topico_3","fertilizantes",0.007516031619161367
"Bolivia_2019_Evo_Morales","Topico_3","ahora",0.007516009733080864
"Bolivia_2019_Evo_Morales","Topico_3","digno",0.007515991106629372
"Bolivia_2019_Evo_Morales","Topico_3","ii",0.007477175444364548
"Bolivia_2019_Evo_Morales","Topico_3","puentes",0.007464297581464052
"Bolivia_2019_Evo_Morales","Topico_3","pasadas",0.007452164776623249
"Bolivia_2019_Evo_Morales","Topico_3","i",0.007449892349541187
"Bolivia_2019_Evo_Morales","Topico_3","decir",0.007364421151578426
"Bolivia_2019_Evo_Morales","Topico_3","quiero",0.006600003223866224
"Bolivia_2019_Evo_Morales","Topico_3","hermanos",0.006582480389624834
"Bolivia_2019_Evo_Morales","Topico_3","bien",0.004093964584171772
"Bolivia_2019_Evo_Morales","Topico_3","pueblo",0.004039608873426914
"Bolivia_2019_Evo_Morales","Topico_3","nacional",0.0040196808986365795
"Bolivia_2019_Evo_Morales","Topico_4","bolivia",0.020190509036183357
"Bolivia_2019_Evo_Morales","Topico_4","beni",0.012294938787817955
"Bolivia_2019_Evo_Morales","Topico_4","departamento",0.012206817977130413
"Bolivia_2019_Evo_Morales","Topico_4","aplausos",0.012104268185794353
"Bolivia_2019_Evo_Morales","Topico_4","plurinacional",0.008385677821934223
"Bolivia_2019_Evo_Morales","Topico_4","años",0.008320070803165436
"Bolivia_2019_Evo_Morales","Topico_4","construcción",0.008201275020837784
"Bolivia_2019_Evo_Morales","Topico_4","presidente",0.006343578454107046
"Bolivia_2019_Evo_Morales","Topico_4","pobreza",0.006327643990516663
"Bolivia_2019_Evo_Morales","Topico_4","hermanos",0.006252672057598829
"Bolivia_2019_Evo_Morales","Topico_4","saben",0.006240058224648237
"Bolivia_2019_Evo_Morales","Topico_4","ustedes",0.006215618923306465
"Bolivia_2019_Evo_Morales","Topico_4","tan",0.006171130575239658
"Bolivia_2019_Evo_Morales","Topico_4","homenaje",0.0060984729789197445
"Bolivia_2019_Evo_Morales","Topico_4","querida",0.006094516254961491
"Bolivia_2019_Evo_Morales","Topico_4","rendir",0.006070836912840605
"Bolivia_2019_Evo_Morales","Topico_4","ciento",0.00449600163847208
"Bolivia_2019_Evo_Morales","Topico_4","saludo",0.0043440693989396095
"Bolivia_2019_Evo_Morales","Topico_4","extrema",0.004314193036407232
"Bolivia_2019_Evo_Morales","Topico_4","morales",0.0043086097575724125
"Bolivia_2019_Evo_Morales","Topico_5","aplausos",0.01156713254749775
"Bolivia_2019_Evo_Morales","Topico_5","dólares",0.010601118206977844
"Bolivia_2019_Evo_Morales","Topico_5","ahora",0.010457102209329605
"Bolivia_2019_Evo_Morales","Topico_5","ciento",0.010333538986742496
"Bolivia_2019_Evo_Morales","Topico_5","mil",0.010239741764962673
"Bolivia_2019_Evo_Morales","Topico_5","hermanos",0.009194351732730865
"Bolivia_2019_Evo_Morales","Topico_5","bolivia",0.008860575966536999
"Bolivia_2019_Evo_Morales","Topico_5","pib",0.008816533721983433
"Bolivia_2019_Evo_Morales","Topico_5","millones",0.008761613629758358
"Bolivia_2019_Evo_Morales","Topico_5","10",0.00849207490682602
"Bolivia_2019_Evo_Morales","Topico_5","tiempos",0.006925934925675392
"Bolivia_2019_Evo_Morales","Topico_5","cápita",0.00688118115067482
"Bolivia_2019_Evo_Morales","Topico_5","per",0.006881146691739559
"Bolivia_2019_Evo_Morales","Topico_5","decirles",0.006874491460621357
"Bolivia_2019_Evo_Morales","Topico_5","años",0.006816468667238951
"Bolivia_2019_Evo_Morales","Topico_5","vida",0.006707342341542244
"Bolivia_2019_Evo_Morales","Topico_5","quiero",0.005892419721931219
"Bolivia_2019_Evo_Morales","Topico_5","corrupción",0.005378251895308495
"Bolivia_2019_Evo_Morales","Topico_5","presencia",0.005310873966664076
"Bolivia_2019_Evo_Morales","Topico_5","pueblo",0.005289073567837477
"Bolivia_2019_Evo_Morales","Topico_6","hermanos",0.01353541575372219
"Bolivia_2019_Evo_Morales","Topico_6","hermanas",0.01091134175658226
"Bolivia_2019_Evo_Morales","Topico_6","aplausos",0.009249425493180752
"Bolivia_2019_Evo_Morales","Topico_6","millones",0.009199228137731552
"Bolivia_2019_Evo_Morales","Topico_6","dólares",0.009103727526962757
"Bolivia_2019_Evo_Morales","Topico_6","beni",0.008197096176445484
"Bolivia_2019_Evo_Morales","Topico_6","trinidad",0.008169000037014484
"Bolivia_2019_Evo_Morales","Topico_6","bolivianos",0.008167940191924572
"Bolivia_2019_Evo_Morales","Topico_6","bolivianas",0.008138944394886494
"Bolivia_2019_Evo_Morales","Topico_6","ciudad",0.008086887188255787
"Bolivia_2019_Evo_Morales","Topico_6","quiero",0.005685698706656694
"Bolivia_2019_Evo_Morales","Topico_6","decirles",0.005639208946377039
"Bolivia_2019_Evo_Morales","Topico_6","homenaje",0.005622884724289179
"Bolivia_2019_Evo_Morales","Topico_6","años",0.005584015045315027
"Bolivia_2019_Evo_Morales","Topico_6","países",0.005576949566602707
"Bolivia_2019_Evo_Morales","Topico_6","hermano",0.005549808032810688
"Bolivia_2019_Evo_Morales","Topico_6","afiliados",0.00554979033768177
"Bolivia_2019_Evo_Morales","Topico_6","autoridades",0.005549786612391472
"Bolivia_2019_Evo_Morales","Topico_6","cemento",0.005549779161810875
"Bolivia_2019_Evo_Morales","Topico_6","mando",0.005549779161810875
"Bolivia_2019_Evo_Morales","Topico_7","años",0.014520371332764626
"Bolivia_2019_Evo_Morales","Topico_7","quiero",0.011875640600919724
"Bolivia_2019_Evo_Morales","Topico_7","vida",0.009694080799818039
"Bolivia_2019_Evo_Morales","Topico_7","decirles",0.007306089624762535
"Bolivia_2019_Evo_Morales","Topico_7","contrabando",0.007261437829583883
"Bolivia_2019_Evo_Morales","Topico_7","glp",0.0072068385779857635
"Bolivia_2019_Evo_Morales","Topico_7","importaciones",0.007149755489081144
"Bolivia_2019_Evo_Morales","Topico_7","bolivia",0.005232267081737518
"Bolivia_2019_Evo_Morales","Topico_7","vamos",0.00510798767209053
"Bolivia_2019_Evo_Morales","Topico_7","economía",0.005095283966511488
"Bolivia_2019_Evo_Morales","Topico_7","beni",0.005093303043395281
"Bolivia_2019_Evo_Morales","Topico_7","esperanza",0.005082161631435156
"Bolivia_2019_Evo_Morales","Topico_7","40",0.005079499911516905
"Bolivia_2019_Evo_Morales","Topico_7","sevaruyo",0.005062083248049021
"Bolivia_2019_Evo_Morales","Topico_7","50",0.0050308359786868095
"Bolivia_2019_Evo_Morales","Topico_7","ahora",0.005015553440898657
"Bolivia_2019_Evo_Morales","Topico_7","hace",0.005007335916161537
"Bolivia_2019_Evo_Morales","Topico_7","nuevamente",0.005005653947591782
"Bolivia_2019_Evo_Morales","Topico_7","planta",0.0050027454271912575
"Bolivia_2019_Evo_Morales","Topico_7","año",0.004995794966816902
"Bolivia_2020_Jeanine_Añez","Topico_1","golpeado",0.03942466899752617
"Bolivia_2020_Jeanine_Añez","Topico_1","políticas",0.03300700709223747
"Bolivia_2020_Jeanine_Añez","Topico_1","implementado",0.03300679475069046
"Bolivia_2020_Jeanine_Añez","Topico_1","camino",0.026589028537273407
"Bolivia_2020_Jeanine_Añez","Topico_1","apoyo",0.026588866487145424
"Bolivia_2020_Jeanine_Añez","Topico_1","bolivianos",0.020659862086176872
"Bolivia_2020_Jeanine_Añez","Topico_1","pandemia",0.02047257125377655
"Bolivia_2020_Jeanine_Añez","Topico_1","familias",0.020343584939837456
"Bolivia_2020_Jeanine_Añez","Topico_1","empleo",0.020170845091342926
"Bolivia_2020_Jeanine_Añez","Topico_1","caída",0.020170556381344795
"Bolivia_2020_Jeanine_Añez","Topico_1","histórica",0.02017054706811905
"Bolivia_2020_Jeanine_Añez","Topico_1","públicos",0.013922817073762417
"Bolivia_2020_Jeanine_Añez","Topico_1","economía",0.013752789236605167
"Bolivia_2020_Jeanine_Añez","Topico_1","recursos",0.013752682134509087
"Bolivia_2020_Jeanine_Añez","Topico_1","salud",0.013752643950283527
"Bolivia_2020_Jeanine_Añez","Topico_1","fácil",0.013751343823969364
"Bolivia_2020_Jeanine_Añez","Topico_1","vida",0.0077770911157131195
"Bolivia_2020_Jeanine_Añez","Topico_1","paz",0.007522337604314089
"Bolivia_2020_Jeanine_Añez","Topico_1","n",0.007519438862800598
"Bolivia_2020_Jeanine_Añez","Topico_1","beneficio",0.007475629914551973
"Bolivia_2020_Jeanine_Añez","Topico_2","bolivianos",0.026537926867604256
"Bolivia_2020_Jeanine_Añez","Topico_2","democracia",0.02244124375283718
"Bolivia_2020_Jeanine_Añez","Topico_2","caminos",0.022441035136580467
"Bolivia_2020_Jeanine_Añez","Topico_2","avanzando",0.022440752014517784
"Bolivia_2020_Jeanine_Añez","Topico_2","economía",0.01807762309908867
"Bolivia_2020_Jeanine_Añez","Topico_2","gobierno",0.01800302043557167
"Bolivia_2020_Jeanine_Añez","Topico_2","bono",0.017917964607477188
"Bolivia_2020_Jeanine_Añez","Topico_2","salud",0.01412937231361866
"Bolivia_2020_Jeanine_Añez","Topico_2","mas",0.013729448430240154
"Bolivia_2020_Jeanine_Añez","Topico_2","pandemia",0.013714228756725788
"Bolivia_2020_Jeanine_Añez","Topico_2","tres",0.013713949359953403
"Bolivia_2020_Jeanine_Añez","Topico_2","política",0.00945385079830885
"Bolivia_2020_Jeanine_Añez","Topico_2","vida",0.009350473061203957
"Bolivia_2020_Jeanine_Añez","Topico_2","bolivia",0.00935045164078474
"Bolivia_2020_Jeanine_Añez","Topico_2","plena",0.009350404143333435
"Bolivia_2020_Jeanine_Añez","Topico_2","camino",0.009350404143333435
"Bolivia_2020_Jeanine_Añez","Topico_2","encarando",0.009350373409688473
"Bolivia_2020_Jeanine_Añez","Topico_2","reactivar",0.009350357577204704
"Bolivia_2020_Jeanine_Añez","Topico_2","señoras",0.009350324049592018
"Bolivia_2020_Jeanine_Añez","Topico_2","desafío",0.009350312873721123
"Bolivia_2020_Jeanine_Añez","Topico_3","bolivianos",0.03446877375245094
"Bolivia_2020_Jeanine_Añez","Topico_3","bolivia",0.026148656383156776
"Bolivia_2020_Jeanine_Añez","Topico_3","salud",0.017828822135925293
"Bolivia_2020_Jeanine_Añez","Topico_3","economía",0.01782844215631485
"Bolivia_2020_Jeanine_Añez","Topico_3","misión",0.017828376963734627
"Bolivia_2020_Jeanine_Añez","Topico_3","misiones",0.01782834716141224
"Bolivia_2020_Jeanine_Añez","Topico_3","democracia",0.009508668445050716
"Bolivia_2020_Jeanine_Añez","Topico_3","paz",0.009508579038083553
"Bolivia_2020_Jeanine_Añez","Topico_3","llamado",0.009508512914180756
"Bolivia_2020_Jeanine_Añez","Topico_3","desafío",0.009508484974503517
"Bolivia_2020_Jeanine_Añez","Topico_3","futuro",0.009508482180535793
"Bolivia_2020_Jeanine_Añez","Topico_3","importante",0.009508469142019749
"Bolivia_2020_Jeanine_Añez","Topico_3","hoy",0.009508461691439152
"Bolivia_2020_Jeanine_Añez","Topico_3","unidad",0.009508460760116577
"Bolivia_2020_Jeanine_Añez","Topico_3","políticos",0.009508457966148853
"Bolivia_2020_Jeanine_Añez","Topico_3","claras",0.009508450515568256
"Bolivia_2020_Jeanine_Añez","Topico_3","reconciliación",0.009508445858955383
"Bolivia_2020_Jeanine_Añez","Topico_3","líderes",0.00950842909514904
"Bolivia_2020_Jeanine_Añez","Topico_3","pande",0.009508427232503891
"Bolivia_2020_Jeanine_Añez","Topico_3","camino",0.009508425369858742
"Bolivia_2020_Jeanine_Añez","Topico_4","pandemia",0.021719885990023613
"Bolivia_2020_Jeanine_Añez","Topico_4","camino",0.017078161239624023
"Bolivia_2020_Jeanine_Añez","Topico_4","prioridad",0.017077922821044922
"Bolivia_2020_Jeanine_Añez","Topico_4","decisiones",0.01646684855222702
"Bolivia_2020_Jeanine_Añez","Topico_4","gracias",0.01563858613371849
"Bolivia_2020_Jeanine_Añez","Topico_4","hicimos",0.015169181860983372
"Bolivia_2020_Jeanine_Añez","Topico_4","miles",0.014940367080271244
"Bolivia_2020_Jeanine_Añez","Topico_4","democracia",0.014910653233528137
"Bolivia_2020_Jeanine_Añez","Topico_4","dejado",0.009108479134738445
"Bolivia_2020_Jeanine_Añez","Topico_4","ilias",0.009108473546802998
"Bolivia_2020_Jeanine_Añez","Topico_4","ingresos",0.009108471684157848
"Bolivia_2020_Jeanine_Añez","Topico_4","empleos",0.009108426049351692
"Bolivia_2020_Jeanine_Añez","Topico_4","empresas",0.009108410216867924
"Bolivia_2020_Jeanine_Añez","Topico_4","destruido",0.009108372032642365
"Bolivia_2020_Jeanine_Añez","Topico_4","bendiga",0.009108359925448895
"Bolivia_2020_Jeanine_Añez","Topico_4","muchas",0.009108327329158783
"Bolivia_2020_Jeanine_Añez","Topico_4","fam",0.009108312427997589
"Bolivia_2020_Jeanine_Añez","Topico_4","electoral",0.009108251892030239
"Bolivia_2020_Jeanine_Añez","Topico_4","trabajo",0.009108210913836956
"Bolivia_2020_Jeanine_Añez","Topico_4","celebramos",0.009108182974159718
"Bolivia_2020_Jeanine_Añez","Topico_5","dinero",0.051783543080091476
"Bolivia_2020_Jeanine_Añez","Topico_5","liberen",0.046063024550676346
"Bolivia_2020_Jeanine_Añez","Topico_5","pandemia",0.030113037675619125
"Bolivia_2020_Jeanine_Añez","Topico_5","salud",0.026583783328533173
"Bolivia_2020_Jeanine_Añez","Topico_5","virus",0.017097201198339462
"Bolivia_2020_Jeanine_Añez","Topico_5","servidores",0.016498742625117302
"Bolivia_2020_Jeanine_Añez","Topico_5","públicos",0.016478095203638077
"Bolivia_2020_Jeanine_Añez","Topico_5","democracia",0.01313689909875393
"Bolivia_2020_Jeanine_Añez","Topico_5","miles",0.013116634450852871
"Bolivia_2020_Jeanine_Añez","Topico_5","aprendido",0.011657238937914371
"Bolivia_2020_Jeanine_Añez","Topico_5","sigue",0.011657148599624634
"Bolivia_2020_Jeanine_Añez","Topico_5","desafío",0.011657025665044785
"Bolivia_2020_Jeanine_Añez","Topico_5","independiente",0.011657013557851315
"Bolivia_2020_Jeanine_Añez","Topico_5","justicia",0.011656947433948517
"Bolivia_2020_Jeanine_Añez","Topico_5","transparente",0.011656943708658218
"Bolivia_2020_Jeanine_Añez","Topico_5","seguridad",0.01165689155459404
"Bolivia_2020_Jeanine_Añez","Topico_5","n",0.011656845919787884
"Bolivia_2020_Jeanine_Añez","Topico_5","elecciones",0.010508814826607704
"Bolivia_2020_Jeanine_Añez","Topico_5","fuerte",0.009437116794288158
"Bolivia_2020_Jeanine_Añez","Topico_5","pagar",0.00770639767870307
"Bolivia_2020_Jeanine_Añez","Topico_6","señores",0.021231137216091156
"Bolivia_2020_Jeanine_Añez","Topico_6","economía",0.021181099116802216
"Bolivia_2020_Jeanine_Añez","Topico_6","democracia",0.021115493029356003
"Bolivia_2020_Jeanine_Añez","Topico_6","destruida",0.017102833837270737
"Bolivia_2020_Jeanine_Añez","Topico_6","señor",0.016993539407849312
"Bolivia_2020_Jeanine_Añez","Topico_6","trabajando",0.01687825843691826
"Bolivia_2020_Jeanine_Añez","Topico_6","pandemia",0.012884587980806828
"Bolivia_2020_Jeanine_Añez","Topico_6","diputados",0.012856943532824516
"Bolivia_2020_Jeanine_Añez","Topico_6","salían",0.008846292272210121
"Bolivia_2020_Jeanine_Añez","Topico_6","despilfarro",0.008846262469887733
"Bolivia_2020_Jeanine_Añez","Topico_6","miembros",0.008846248500049114
"Bolivia_2020_Jeanine_Añez","Topico_6","palacios",0.008846113458275795
"Bolivia_2020_Jeanine_Añez","Topico_6","lucha",0.008845982141792774
"Bolivia_2020_Jeanine_Añez","Topico_6","pueblo",0.008844989351928234
"Bolivia_2020_Jeanine_Añez","Topico_6","saludar",0.008820290677249432
"Bolivia_2020_Jeanine_Añez","Topico_6","fiesta",0.008816471323370934
"Bolivia_2020_Jeanine_Añez","Topico_6","nacional",0.008813897147774696
"Bolivia_2020_Jeanine_Añez","Topico_6","día",0.008813027292490005
"Bolivia_2020_Jeanine_Añez","Topico_6","señora",0.008806893602013588
"Bolivia_2020_Jeanine_Añez","Topico_6","primer",0.008795170113444328
"Bolivia_2020_Jeanine_Añez","Topico_7","trabajado",0.057247094810009
"Bolivia_2020_Jeanine_Añez","Topico_7","pandemia",0.019969694316387177
"Bolivia_2020_Jeanine_Añez","Topico_7","aplausos",0.019325265660881996
"Bolivia_2020_Jeanine_Añez","Topico_7","ministerio",0.010650518350303173
"Bolivia_2020_Jeanine_Añez","Topico_7","ele",0.010650505311787128
"Bolivia_2020_Jeanine_Añez","Topico_7","onu",0.010650497861206532
"Bolivia_2020_Jeanine_Añez","Topico_7","región",0.010650496929883957
"Bolivia_2020_Jeanine_Añez","Topico_7","internacionales",0.010650495998561382
"Bolivia_2020_Jeanine_Añez","Topico_7","contraloría",0.010650481097400188
"Bolivia_2020_Jeanine_Añez","Topico_7","oms",0.010650476440787315
"Bolivia_2020_Jeanine_Añez","Topico_7","confiables",0.01065047550946474
"Bolivia_2020_Jeanine_Añez","Topico_7","judicial",0.010650462470948696
"Bolivia_2020_Jeanine_Añez","Topico_7","enfrentar",0.010650458745658398
"Bolivia_2020_Jeanine_Añez","Topico_7","imparciales",0.010650457814335823
"Bolivia_2020_Jeanine_Añez","Topico_7","organismos",0.010650452226400375
"Bolivia_2020_Jeanine_Añez","Topico_7","supremo",0.010650446638464928
"Bolivia_2020_Jeanine_Añez","Topico_7","ctoral",0.010650444775819778
"Bolivia_2020_Jeanine_Añez","Topico_7","general",0.010650443844497204
"Bolivia_2020_Jeanine_Añez","Topico_7","países",0.010650433599948883
"Bolivia_2020_Jeanine_Añez","Topico_7","público",0.010650432668626308
"Bolivia_2021_Luis_Arce","Topico_1","día",0.02330024726688862
"Bolivia_2021_Luis_Arce","Topico_1","aplausos",0.023240216076374054
"Bolivia_2021_Luis_Arce","Topico_1","quiroga",0.012473230250179768
"Bolivia_2021_Luis_Arce","Topico_1","cada",0.012459473684430122
"Bolivia_2021_Luis_Arce","Topico_1","santa",0.01245307456701994
"Bolivia_2021_Luis_Arce","Topico_1","elecciones",0.012450959533452988
"Bolivia_2021_Luis_Arce","Topico_1","triunfo",0.012448382563889027
"Bolivia_2021_Luis_Arce","Topico_1","constitucional",0.012447254732251167
"Bolivia_2021_Luis_Arce","Topico_1","psp",0.012446854263544083
"Bolivia_2021_Luis_Arce","Topico_1","estructura",0.012441719882190228
"Bolivia_2021_Luis_Arce","Topico_1","instaurando",0.012441336177289486
"Bolivia_2021_Luis_Arce","Topico_1","diría",0.01244000531733036
"Bolivia_2021_Luis_Arce","Topico_1","verdad",0.012435532175004482
"Bolivia_2021_Luis_Arce","Topico_1","cruz",0.012433042749762535
"Bolivia_2021_Luis_Arce","Topico_1","golpe",0.012431478127837181
"Bolivia_2021_Luis_Arce","Topico_1","vamos",0.012430904433131218
"Bolivia_2021_Luis_Arce","Topico_1","vez",0.012430275790393353
"Bolivia_2021_Luis_Arce","Topico_1","mentira",0.012426956556737423
"Bolivia_2021_Luis_Arce","Topico_1","marcelo",0.012426511384546757
"Bolivia_2021_Luis_Arce","Topico_1","escamoteó",0.012425199151039124
"Bolivia_2021_Luis_Arce","Topico_2","música",0.04527858644723892
"Bolivia_2021_Luis_Arce","Topico_2","hermanos",0.04044175520539284
"Bolivia_2021_Luis_Arce","Topico_2","aplausos",0.03536598011851311
"Bolivia_2021_Luis_Arce","Topico_2","favor",0.035145845264196396
"Bolivia_2021_Luis_Arce","Topico_2","pueblo",0.025726206600666046
"Bolivia_2021_Luis_Arce","Topico_2","representantes",0.015752037987113
"Bolivia_2021_Luis_Arce","Topico_2","ejemplo",0.015680432319641113
"Bolivia_2021_Luis_Arce","Topico_2","saludo",0.010740016587078571
"Bolivia_2021_Luis_Arce","Topico_2","sociales",0.010739913210272789
"Bolivia_2021_Luis_Arce","Topico_2","democracia",0.010690338909626007
"Bolivia_2021_Luis_Arce","Topico_2","asambleístas",0.010635475628077984
"Bolivia_2021_Luis_Arce","Topico_2","voy",0.010574632324278355
"Bolivia_2021_Luis_Arce","Topico_2","observando",0.010561848059296608
"Bolivia_2021_Luis_Arce","Topico_2","nacional",0.007006380707025528
"Bolivia_2021_Luis_Arce","Topico_2","indígenas",0.0069795530289411545
"Bolivia_2021_Luis_Arce","Topico_2","todas",0.006120311561971903
"Bolivia_2021_Luis_Arce","Topico_2","hoy",0.005853087175637484
"Bolivia_2021_Luis_Arce","Topico_2","boliviano",0.005842234939336777
"Bolivia_2021_Luis_Arce","Topico_2","octubre",0.0057280296459794044
"Bolivia_2021_Luis_Arce","Topico_2","año",0.005728015676140785
"Bolivia_2021_Luis_Arce","Topico_3","pueblo",0.017819346860051155
"Bolivia_2021_Luis_Arce","Topico_3","incapacidad",0.01250199694186449
"Bolivia_2021_Luis_Arce","Topico_3","patria",0.012332138605415821
"Bolivia_2021_Luis_Arce","Topico_3","hombres",0.012231636792421341
"Bolivia_2021_Luis_Arce","Topico_3","pueblos",0.012164787389338017
"Bolivia_2021_Luis_Arce","Topico_3","independencia",0.012157435528934002
"Bolivia_2021_Luis_Arce","Topico_3","espíritu",0.012156391516327858
"Bolivia_2021_Luis_Arce","Topico_3","américa",0.012149082496762276
"Bolivia_2021_Luis_Arce","Topico_3","enorme",0.012145779095590115
"Bolivia_2021_Luis_Arce","Topico_3","hoy",0.012145661748945713
"Bolivia_2021_Luis_Arce","Topico_3","lucharon",0.012132649309933186
"Bolivia_2021_Luis_Arce","Topico_3","bolivia",0.012132039293646812
"Bolivia_2021_Luis_Arce","Topico_3","hermano",0.01202723290771246
"Bolivia_2021_Luis_Arce","Topico_3","mujeres",0.011800665408372879
"Bolivia_2021_Luis_Arce","Topico_3","ejecutivo",0.006794060114771128
"Bolivia_2021_Luis_Arce","Topico_3","secretario",0.006675793323665857
"Bolivia_2021_Luis_Arce","Topico_3","gobernar",0.006667655892670155
"Bolivia_2021_Luis_Arce","Topico_3","demostró",0.00666764797642827
"Bolivia_2021_Luis_Arce","Topico_3","destruir",0.006667643785476685
"Bolivia_2021_Luis_Arce","Topico_3","derecha",0.006667640525847673
"Bolivia_2021_Luis_Arce","Topico_4","aplausos",0.020064719021320343
"Bolivia_2021_Luis_Arce","Topico_4","justicia",0.01941565051674843
"Bolivia_2021_Luis_Arce","Topico_4","pueblo",0.010647469200193882
"Bolivia_2021_Luis_Arce","Topico_4","decidimos",0.01037038303911686
"Bolivia_2021_Luis_Arce","Topico_4","octubre",0.010370304808020592
"Bolivia_2021_Luis_Arce","Topico_4","pasado",0.010370259173214436
"Bolivia_2021_Luis_Arce","Topico_4","año",0.010370202362537384
"Bolivia_2021_Luis_Arce","Topico_4","mandato",0.010370125994086266
"Bolivia_2021_Luis_Arce","Topico_4","memo",0.010368987917900085
"Bolivia_2021_Luis_Arce","Topico_4","odio",0.010346227325499058
"Bolivia_2021_Luis_Arce","Topico_4","sentó",0.01034555397927761
"Bolivia_2021_Luis_Arce","Topico_4","responsabilidades",0.010339644737541676
"Bolivia_2021_Luis_Arce","Topico_4","santa",0.010338830761611462
"Bolivia_2021_Luis_Arce","Topico_4","dictador",0.010334373451769352
"Bolivia_2021_Luis_Arce","Topico_4","quiroga",0.010334236547350883
"Bolivia_2021_Luis_Arce","Topico_4","marcelo",0.010333067737519741
"Bolivia_2021_Luis_Arce","Topico_4","dado",0.010330818593502045
"Bolivia_2021_Luis_Arce","Topico_4","cito",0.010329075157642365
"Bolivia_2021_Luis_Arce","Topico_4","nuevamente",0.010328836739063263
"Bolivia_2021_Luis_Arce","Topico_4","dijo",0.01032837200909853
"Bolivia_2021_Luis_Arce","Topico_5","general",0.034749023616313934
"Bolivia_2021_Luis_Arce","Topico_5","bolivia",0.018367627635598183
"Bolivia_2021_Luis_Arce","Topico_5","comandante",0.018130695447325706
"Bolivia_2021_Luis_Arce","Topico_5","mando",0.018062740564346313
"Bolivia_2021_Luis_Arce","Topico_5","señor",0.01801483705639839
"Bolivia_2021_Luis_Arce","Topico_5","hermano",0.017880886793136597
"Bolivia_2021_Luis_Arce","Topico_5","aplausos",0.010129162110388279
"Bolivia_2021_Luis_Arce","Topico_5","injustamente",0.009894046932458878
"Bolivia_2021_Luis_Arce","Topico_5","criminalizados",0.009894038550555706
"Bolivia_2021_Luis_Arce","Topico_5","señaló",0.009894016198813915
"Bolivia_2021_Luis_Arce","Topico_5","amor",0.009894014336168766
"Bolivia_2021_Luis_Arce","Topico_5","familias",0.009894013404846191
"Bolivia_2021_Luis_Arce","Topico_5","especialmente",0.009894011542201042
"Bolivia_2021_Luis_Arce","Topico_5","simón",0.009894010610878468
"Bolivia_2021_Luis_Arce","Topico_5","heridos",0.009894008748233318
"Bolivia_2021_Luis_Arce","Topico_5","libertador",0.009894008748233318
"Bolivia_2021_Luis_Arce","Topico_5","libertad",0.00989400502294302
"Bolivia_2021_Luis_Arce","Topico_5","bolívar",0.00989400316029787
"Bolivia_2021_Luis_Arce","Topico_5","masacrados",0.009894002228975296
"Bolivia_2021_Luis_Arce","Topico_5","detenidos",0.0098939910531044
"Bolivia_2021_Luis_Arce","Topico_6","hermanos",0.07690905779600143
"Bolivia_2021_Luis_Arce","Topico_6","asambleístas",0.03497128188610077
"Bolivia_2021_Luis_Arce","Topico_6","hermano",0.025313565507531166
"Bolivia_2021_Luis_Arce","Topico_6","diputados",0.017707135528326035
"Bolivia_2021_Luis_Arce","Topico_6","ministros",0.017707064747810364
"Bolivia_2021_Luis_Arce","Topico_6","hermanas",0.01761171594262123
"Bolivia_2021_Luis_Arce","Topico_6","presidente",0.017512958496809006
"Bolivia_2021_Luis_Arce","Topico_6","secretario",0.017221057787537575
"Bolivia_2021_Luis_Arce","Topico_6","ejecutivo",0.017120396718382835
"Bolivia_2021_Luis_Arce","Topico_6","óscar",0.009443775750696659
"Bolivia_2021_Luis_Arce","Topico_6","washington",0.009443752467632294
"Bolivia_2021_Luis_Arce","Topico_6","superestatales",0.009443750604987144
"Bolivia_2021_Luis_Arce","Topico_6","senadoras",0.009443742223083973
"Bolivia_2021_Luis_Arce","Topico_6","señor",0.009443740360438824
"Bolivia_2021_Luis_Arce","Topico_6","supranacionales",0.009443733841180801
"Bolivia_2021_Luis_Arce","Topico_6","senadores",0.009443732909858227
"Bolivia_2021_Luis_Arce","Topico_6","viceministros",0.009443731047213078
"Bolivia_2021_Luis_Arce","Topico_6","herm",0.009443718940019608
"Bolivia_2021_Luis_Arce","Topico_6","tribunal",0.009443718008697033
"Bolivia_2021_Luis_Arce","Topico_6","electoral",0.009443718008697033
"Bolivia_2021_Luis_Arce","Topico_7","aplausos",0.031631823629140854
"Bolivia_2021_Luis_Arce","Topico_7","todas",0.020578881725668907
"Bolivia_2021_Luis_Arce","Topico_7","unidos",0.020537329837679863
"Bolivia_2021_Luis_Arce","Topico_7","pueblo",0.011954397894442081
"Bolivia_2021_Luis_Arce","Topico_7","parte",0.01150740496814251
"Bolivia_2021_Luis_Arce","Topico_7","política",0.011506239883601665
"Bolivia_2021_Luis_Arce","Topico_7","música",0.011505283415317535
"Bolivia_2021_Luis_Arce","Topico_7","democracia",0.011490539647638798
"Bolivia_2021_Luis_Arce","Topico_7","justicia",0.01139173936098814
"Bolivia_2021_Luis_Arce","Topico_7","golpe",0.011391608975827694
"Bolivia_2021_Luis_Arce","Topico_7","p",0.011391597799956799
"Bolivia_2021_Luis_Arce","Topico_7","actos",0.011391591280698776
"Bolivia_2021_Luis_Arce","Topico_7","deben",0.011391591280698776
"Bolivia_2021_Luis_Arce","Topico_7","sanción",0.011391581036150455
"Bolivia_2021_Luis_Arce","Topico_7","competencias",0.011391576379537582
"Bolivia_2021_Luis_Arce","Topico_7","perpetraron",0.011391565203666687
"Bolivia_2021_Luis_Arce","Topico_7","descansaremos",0.011391556821763515
"Bolivia_2021_Luis_Arce","Topico_7","responder",0.011391554959118366
"Bolivia_2021_Luis_Arce","Topico_7","exigirá",0.011391546577215195
"Bolivia_2021_Luis_Arce","Topico_7","ilegales",0.011391541920602322
